uid,gold,nli_deberta,nli_bart,llm:Qwen/Qwen2.5-3B-Instruct,llm:microsoft/Phi-3.5-mini-instruct,llm:allenai/OLMo-2-1124-7B-Instruct,claim,title
cf3034_1,silent,silent,refute,refute,silent,silent,"Since rock weathering reduces atmospheric CO2, this again reinforces the scientific fact that CO2 is a strong driver of climate.",Climate change feedback
cf1164_4,silent,silent,silent,silent,silent,silent,"Hurricanes, tornadoes, floods, droughts and other natural disasters have yet to show any obvious long-term change.”",Severe weather
cf656_1,support,silent,silent,support,support,support,"The Arctic’s carbon bomb might be even more potent than we thought […] methane, a shorter-lived but far harder-hitting gas that could cause faster bursts of warming",Arctic methane emissions
cf775_4,support,support,silent,refute,support,silent,"Instead of negotiating over climate change policies and trying to make them more market-oriented, some political conservatives have taken the approach of blocking them by trying to undermine the scien",Republican Party (United States)
cf1614_3,refute,support,support,refute,support,support,Arctic sea ice extent was lower in the past.,Sea ice
cf400_3,refute,refute,refute,refute,support,silent,The idea that climate change is producing heat records across the Earth is among the most egregious manipulations of data in the absurd global warming debate.,Global warming controversy
cf1510_1,support,support,support,support,support,support,"Doubling the concentration of atmospheric CO2 from its pre-industrial level, in the absence of other forcings and feedbacks, would likely cause a warming of ~0.3°C to 1.1°C.",Climate sensitivity
cf920_3,support,silent,silent,silent,support,support,"If those emissions continue unchecked and the world is allowed to heat up enough, scientists have no doubt that large parts of Antarctica will melt into the sea.",Sea level rise
cf165_2,silent,silent,silent,refute,refute,silent,When the Emergency Leaders for Climate Action approached the Federal Government in April they were drawing on decades of data showing that fire conditions are getting worse.,Presidency of Donald Trump
cf2034_2,refute,silent,refute,refute,support,silent,Latest IPCC Reports (AR5) have shown global mean temperature forecasts from the 2005 IPCC report exceeded actual readings.,IPCC Fifth Assessment Report
cf1315_0,refute,silent,silent,refute,refute,silent,cold kills many more people than heat.,2015 Indian heat wave
cf55_1,refute,silent,refute,refute,refute,silent,"[T]he raw data, the actual thermometer data[...] shows that the US has been cooling for 80 to 90 years.",Hockey stick controversy
cf2167_1,support,silent,silent,silent,silent,silent,Royal Society embraces skepticism,Skepticism
cf2555_1,support,support,support,support,support,support,Different areas of science are understood with varying degrees of certainty.,Science
cf349_2,refute,refute,refute,refute,refute,silent,Nor is there evidence of an increase in floods globally.,Sea level rise
cf1144_4,refute,silent,silent,refute,support,silent,"It “certainly puts the kibosh on everyone saying that Antarctica’s ice is just going up and up,” Meier said.",Antarctica
cf2250_3,refute,silent,silent,silent,support,silent,"Some global warming 'skeptics' argue that the Earth's climate sensitivity is so low that a doubling of atmospheric CO2 will result in a surface temperature change on the order of 1°C or less, and that",Climate sensitivity
cf960_1,refute,refute,silent,refute,refute,silent,This means the global temperature trend has now shown no further warming for 19 years,Global warming
cf954_2,support,silent,silent,support,support,support,"Melting permafrost can release not just CO2, but also methane, a much stronger heat-trapping gas.",Permafrost
cf1951_2,refute,refute,refute,refute,support,refute,"Scientists are ""questioning the original idea that man-made global warming is what is causing the climate to change. """,Scientific consensus on climate change
cf667_4,silent,refute,silent,silent,silent,silent,The failure of the 2007 polar bear survival model is a simple fact that explodes the myth that polar bears are on their way to extinction.,Quaternary extinction event
cf2076_0,support,silent,silent,silent,support,support,Snowfall is increasing in the fall and winter in the Northern Hemisphere and North America with many records being set.,2014–15 North American winter
cf698_0,refute,silent,refute,refute,refute,silent,"A recent study led by Lawrence Livermore National Laboratory climate scientist Ben Santer found that while the models ran hot, the ‘overestimation’ was ‘partly due to systematic deficiencies in some o",Global warming controversy
cf1998_4,support,silent,silent,silent,support,silent,There is a link between climate change and the NSW bushfires.,Wildfire
cf2062_0,silent,refute,silent,refute,support,silent,Global warming is increasing the magnitude and frequency of droughts and floods.,Global warming
cf1083_2,silent,silent,refute,silent,silent,silent,"‘Getting hung up on the exact nature of the records is interesting, and there’s lots of technical work that can be done there, but the main take-home response there is that the trends we’ve been seein",Wayback Machine
cf320_3,silent,silent,silent,refute,refute,silent,"Globally averaged thermometers show two periods of warming since 1900: a half-degree from natural causes in the first half of the 20th century, before there was an increase in industrial carbon dioxid",Carbon dioxide
cf1952_0,refute,refute,refute,refute,refute,refute,Scientists project that the Arctic will be ice-free in the summer of 2013.,Arctic Ocean
cf95_4,support,support,silent,support,support,silent,[climate scientists] say that aspects of the case of Hurricane Harvey suggest global warming is making a bad situation worse.,Hurricane Harvey
cf1246_2,silent,silent,silent,refute,support,silent,Most people expect this year will see a record low in the Arctic’s summer sea-ice cover.,Arctic sea ice decline
cf2042_3,silent,silent,silent,silent,silent,silent,Recent research also indicates that the quantity of fossil fuels staying in the atmosphere is much less than previously thought.,Ozone depletion
cf1420_3,silent,silent,silent,silent,support,silent,"Concentrated in the atmosphere, these gases do not allow the warmth of the sun’s rays reflected by the earth to be dispersed in space.",Scientific consensus on climate change
cf1474_0,refute,refute,silent,refute,silent,silent,"Etna has already put more than 10,000 times the CO2 into the atmosphere than mankind has in our entire time on the Earth.",Global warming
cf306_2,refute,refute,refute,refute,refute,silent,There is no statistical evidence that global warming is intensifying[…] droughts,Global warming
cf2487_0,silent,silent,support,support,support,support,The El Nino Southern Oscillation shows close correlation to global temperatures over the short term.,El Niño–Southern Oscillation
cf1454_0,support,silent,silent,support,support,support,"The oceans have absorbed much of this increased heat, with the top 700 meters (about 2,300 feet) of ocean showing warming of more than 0.4 degrees Fahrenheit since 1969.",Effects of global warming on oceans
cf3119_0,refute,silent,silent,silent,refute,silent,CO2 constitutes 80% of the non-condensing greenhouse gas forcing.,Greenhouse gas
cf1991_2,support,support,support,support,support,silent,"The United States is the leading nation in the world ""with the highest amount of doubt about the conventional wisdom of climate change.""",Climate change denial
cf430_2,refute,silent,silent,refute,refute,refute,"“But there are plenty of studies that have come that show with respect to Antarctica that the total ice sheet, particularly that above land, is increasing, not decreasing.",Antarctica
cf1601_3,silent,refute,refute,refute,silent,silent,Water levels correlate with sunspots.,Sunspot
cf666_1,refute,silent,silent,refute,refute,silent,"while it’s true that studies in some regions show polar bears are lighter in weight than they were in the 1980s, there is no evidence that more individuals are starving to death or becoming too thin t",Polar bear
cf1999_4,refute,refute,refute,refute,refute,refute,there is no relationship between temperature and carbon dioxide emissions by Â­humans[...],Scientific consensus on climate change
cf1729_0,support,silent,silent,silent,support,support,"A large amount of warming is delayed, and if we don’t act now we could pass tipping points.",Climate engineering
cf696_1,support,silent,silent,refute,support,refute,climate models predict too much warming in the troposphere,Microwave Sounding Unit temperature measurements
cf548_2,support,silent,silent,refute,support,silent,"The jet stream controls broad weather patterns, such as high-pressure and low-pressure systems.",Extratropical cyclone
cf2123_4,silent,silent,silent,silent,support,silent,Tree-rings diverge from temperature after 1960,Temperature record of the past 1000 years
cf1928_1,support,silent,silent,support,support,support,"NASA Finds Antarctica is Gaining Ice,",Antarctica
cf3008_1,refute,silent,silent,refute,refute,silent,"However, more direct comparisons between solar activity and global temperature finds that  as the sun grew hotter or cooler, Earth's climate followed it with a 10 year lag - presumably due to the damp",Attribution of recent climate change
cf1048_0,support,silent,silent,silent,support,silent,"While transient weather variability is playing a key role here, the widespread record warmth across the U.S. so far this year is part of a long-term trend toward more warm temperature records versus c",Global warming
cf1227_3,silent,silent,silent,silent,silent,silent,"These tidal floods are often just a foot or two deep, but they can stop traffic, swamp basements, damage cars, kill lawns and forests, and poison wells with salt.",Salt pannes and pools
cf1407_4,silent,silent,refute,silent,silent,silent,"“In their award winning book, ‘Taken By Storm’ (2007), Canadian researchers Christopher Essex and Ross McKitrick explain: ‘Temperature is not an amount of something [like height or weight].",Tropical cyclone
cf1339_1,refute,silent,silent,silent,support,silent,"“Dr Browman, a marine scientist for 35 years, said he was not saying that ocean acidification posed no threat, but that he believed that “a higher level of academic scepticism” should be applied to th",Climate change and ecosystems
cf1818_1,silent,silent,silent,silent,silent,silent,HFCs (hydrofluorocarbons) are tens of thousands of times more polluting than carbon dioxide.,Greenhouse gas
cf1426_2,silent,silent,silent,refute,support,silent,Many of the world’s coral reefs are already barren or in a state of constant decline.,Coral
cf2627_0,support,support,silent,silent,support,silent,Neptune's orbit is 164 years so observations (1950 to present day) span less than a third of a Neptunian year.,Neptune
cf487_1,silent,silent,silent,silent,support,silent,“It’s horrifying that we’d lose our biodiversity to avert climate change.,Climate change and ecosystems
cf30_1,silent,support,silent,silent,support,silent,"the bushfires [in Australia] were caused by arsonists and a series of lightning strikes, not 'climate change'",Bushfires in Australia
cf1167_0,refute,refute,silent,refute,support,silent,Lake-bottom sediments in Florida tell us that recent major hurricane activity in the Gulf of Mexico has been less frequent than in centuries past.,Atlantic hurricane
cf2070_1,refute,refute,refute,refute,refute,silent,"When life is considered, ocean acidification is often found to be a non-problem, or even a benefit.",Ocean acidification
cf3048_2,support,silent,silent,support,support,support,There is no question whatsoever that the CO2 increase is human-caused.,Greenhouse gas
cf949_0,refute,silent,silent,refute,refute,silent,"Under the most ambitious scenarios, they found a strong likelihood that Antarctica would remain fairly stable.”",Antarctica
cf469_3,refute,refute,refute,refute,support,silent,"Ocean levels have been rising for the last 20,000 years[…] No climate scientist can tell you when natural sea level rise stopped and man-made sea level rise began.",Sea level rise
cf1468_4,silent,silent,refute,silent,support,silent,"The bushfires in Australia were caused by arsonists and a series of lightning strikes, not 'climate change'.",Bushfires in Australia
cf839_4,silent,silent,silent,refute,silent,silent,"“Even if we meet the Paris goals of two degrees warming, cities like Karachi and Kolkata will become close to uninhabitable, annually encountering deadly heat waves like those that crippled them in 20",Paris Agreement
cf1466_3,support,silent,silent,support,support,support,This increase is the result of humans emitting more carbon dioxide into the atmosphere and hence more being absorbed into the oceans.,Greenhouse effect
cf591_2,refute,silent,silent,silent,support,support,"But it is part of a long list of studies from independent teams (as this interactive graphic shows), using a variety of methods that take account of critical challenges, all of which conclude that cli",Global warming controversy
cf957_1,silent,silent,refute,refute,refute,silent,ever since December temperatures in the Arctic have consistently been lower than minus 20 C,Arctic
cf2118_3,refute,refute,refute,refute,support,refute,Humans are too insignificant to affect global climate,Human impact on the environment
cf1090_4,support,silent,silent,refute,support,support,"Extreme high temperatures were seen from India — where the city of Phalodi recorded temperatures of 51 degrees Celsius (123.8 Fahrenheit) in May, a new national record — to Iran, where a temperature o",Phalodi
cf2783_3,silent,silent,refute,refute,silent,silent,"The study indicates far less future global warming will occur than United Nations computer models have predicted, and supports prior studies indicating increases in atmospheric carbon dioxide trap far",IPCC Fourth Assessment Report
cf2523_3,silent,silent,silent,silent,support,support,"This is called the ""atmospheric greenhouse effect"", and without it the Earth's surface would be much colder.",Greenhouse effect
cf2484_3,refute,refute,refute,refute,refute,silent,"The world has entered a 'cold mode' which is likely to bring a global dip in temperatures which will last for 20 to 30 years, they say.",Climate
cf1523_1,support,support,support,support,support,support,Research has found a human influence on the climate of the past several decades ...,Attribution of recent climate change
cf2876_0,support,support,support,support,support,silent,Science entitled The Scientific Consensus on Climate Change (Oreskes 2004).,Benny Peiser
cf2575_2,silent,silent,silent,refute,support,silent,Over the last 30-40 years 80% of coral in the Caribbean have been destroyed and 50% in Indonesia and the Pacific.,Coral bleaching
cf133_1,silent,silent,silent,silent,silent,silent,The amount of land we use for meat — humankind’s biggest use of land — has declined by an area nearly as large as Alaska,Alaska
cf2773_3,support,silent,silent,silent,support,silent,"Tree-ring proxy reconstructions are reliable before 1960, tracking closely with the instrumental record and other independent proxies.",Temperature record of the past 1000 years
cf428_2,refute,refute,refute,refute,refute,refute,Brooks added that Antarctic ice is growing.,Antarctic ice sheet
cf1545_1,silent,refute,refute,refute,refute,silent,Increasing CO2 in the atmosphere has little to no effect.,Carbon dioxide
cf1570_3,refute,refute,refute,refute,support,silent,Humans are too insignificant to affect global climate.,Human
cf1183_2,silent,silent,silent,refute,support,silent,“suggest that residents are fleeing atolls swiftly sinking into the sea.,Kiribati
cf284_3,refute,silent,silent,silent,silent,silent,The figure traditionally cited that suggests 97 per cent of climate scientists agree that global warming is man-made was also found to be flawed.,Global warming
cf2328_0,refute,silent,silent,refute,silent,silent,What you were not told was that the data that triggered this record is only available back to the late 1970s.,Criticism of NASCAR
cf2167_2,support,silent,silent,silent,silent,silent,Royal Society embraces skepticism,Skepticism
cf1824_3,silent,refute,refute,refute,refute,refute,94 percent of the carbon emissions which you so want to get rid of are caused by nature.,Greenhouse gas
cf1769_1,support,silent,silent,silent,silent,silent,"CO2 levels are rising so fast that unless we decrease emissions, global warming will accelerate this century.",Global warming
cf2520_0,silent,silent,silent,refute,support,silent,"According to the second law of  thermodynamics such a planetary machine can never exist.""",Black hole
cf1919_2,refute,silent,silent,refute,refute,silent,Measurements indicating that 2017 had relatively more sea ice in the Arctic and less melting of glacial ice in Greenland casts scientific doubt on the reality of global warming.,Climate change in the Arctic
cf669_3,support,silent,silent,support,support,silent,"Sea level rise of 65 centimeters, or roughly 2 feet would cause significant problems for coastal cities around the world.",Sea level rise
cf2966_2,refute,silent,silent,refute,refute,silent,"Over the three years from 1979 to 1982 when CO2 emissions were decreasing due to the rapid increase in the price of oil that drastically reduced consumption, there was no change in the rate of increas",Greenhouse gas
cf2377_4,support,silent,silent,silent,support,silent,"“A leading Canadian authority on polar bears, Mitch Taylor, said: ‘We’re  seeing an increase in bears that’s really unprecedented, and in places  where we’re seeing a decrease in the population",Polar bear
cf1163_0,refute,refute,refute,refute,support,silent,"“Global warming and climate change, even if it is 100% caused by humans, is so slow that it cannot be observed by anyone in their lifetime.",Global warming
cf2733_2,silent,silent,silent,silent,silent,silent,A number of independent studies using near-global satellite data find positive feedback and high climate sensitivity.,Climate change feedback
cf2201_4,support,support,support,support,support,support,That humans are causing global warming is the position of the Academies of Science from 80 countries plus many scientific organizations that study climate science.,Scientific consensus on climate change
cf1747_1,support,silent,silent,support,support,support,An independent inquiry found CRU is a small research unit with limited resources and their rigour and honesty are not in doubt.,Climatic Research Unit email controversy
cf335_0,refute,refute,silent,refute,support,support,"Last month was the hottest June ever recorded, European satellite agency announces",2014 in science
cf800_1,silent,silent,silent,refute,support,silent,"The report, published in the journal Nature Geoscience on September 18, acknowledges that most of the models of warming trends failed to predict the ‘slowdown’ in warming post-2000, resulting in less ",Global warming hiatus
cf889_3,refute,refute,refute,refute,refute,refute,“Several of the papers note that the primary influence on warming appears to be solar activity.,Global warming
cf2241_4,silent,silent,silent,silent,support,silent,"When the Earth comes out of an ice age, the warming is not initiated by CO2 but by changes in the Earth's orbit.",Ice age
cf449_4,silent,refute,refute,refute,support,silent,"So it’s clear now we’re not seeing dangerous global warming, and the climate models are wrong.",Sea level rise
cf1584_0,refute,refute,refute,support,refute,silent,Renewables can't provide baseload power.,Base load
cf1669_2,support,silent,silent,refute,refute,silent,There is long-term correlation between CO2 and global temperature; other effects are short-term.,El Niño–Southern Oscillation
cf2212_0,support,silent,silent,silent,support,support,"While there are uncertainties with climate models, they successfully reproduce the past and have made predictions that have been subsequently confirmed by observations.",General circulation model
cf916_3,support,silent,silent,refute,support,silent,The acceleration is making some scientists fear that Antarctica’s ice sheet may have entered the early stages of an unstoppable disintegration.,Retreat of glaciers since 1850
cf2583_3,silent,refute,refute,refute,refute,silent,"""Each unit of CO2 you put into the atmosphere has less and less of a warming impact.",Kyoto Protocol
cf482_0,silent,refute,refute,silent,silent,silent,"It is expected the report will focus on required changes to the energy system, rather than forests.",Emissions trading
cf75_1,support,support,silent,support,support,support,"The science is clear, climate change is making extreme weather events, including tornadoes, worse.",Scientific consensus on climate change
cf1952_3,refute,silent,silent,refute,support,refute,Scientists project that the Arctic will be ice-free in the summer of 2013.,Arctic sea ice decline
cf2081_1,refute,refute,refute,refute,refute,silent,Heat waves have been decreasing since the 1930s in the U.S. and globally.,Heat wave
cf1477_1,refute,refute,refute,refute,support,support,"Human-produced carbon might be one of the factors of climate change, but there’s simply no evidence that it is a significant one.",Scientific consensus on climate change
cf103_3,refute,refute,refute,refute,refute,silent,global warming ceased around the end of the twentieth century and was followed (since 1997) by 19 years of stable temperature,Global warming
cf2836_0,refute,silent,refute,silent,silent,silent,"Thanks to a rapid rebound in recent months, global sea ice levels now equal those seen 29 years ago, when the year 1979 also drew to a close.",Glacier
cf1765_0,support,silent,silent,support,support,support,That humans are causing the rise in atmospheric CO2 is confirmed by multiple isotopic analyses.,Carbon dioxide in Earth's atmosphere
cf21_0,silent,silent,refute,silent,silent,silent,"Sea level rise has been slow and a constant, pre-dating industrialization",Russia
cf1414_1,silent,silent,silent,refute,silent,silent,"The earth is 15 years from a “mini ice-age” that will cause bitterly cold winters during which rivers such as the Thames freeze over, scientists have predicted.",River Thames
cf1084_0,support,silent,silent,support,support,support,"[Jonathan Overpeck:] ‘No doubt about it anymore — humans, mainly by burning fossil fuels, are cooking the planet,’ Overpeck said.",Greenhouse gas
cf2104_3,refute,refute,refute,refute,refute,silent,Greenland ice sheet won't collapse,Greenland ice sheet
cf503_1,support,refute,silent,refute,support,silent,"“During the sunless winter, a heatwave raised concerns that the polar vortex may be eroding.",Early 2014 North American cold wave
cf2986_1,support,silent,silent,silent,support,silent,"As a result, the planet as a whole is becoming less reflective and absorbing more sunlight, which is accelerating global warming.",Global warming
cf1202_0,refute,silent,silent,refute,refute,silent, The discrepancy between model-predicted warming and (lower) real-world observations has inspired new respect for natural climate variability relative to greenhouse-gas forcing. ,Attribution of recent climate change
cf400_1,refute,refute,refute,refute,support,silent,The idea that climate change is producing heat records across the Earth is among the most egregious manipulations of data in the absurd global warming debate.,Climate change (general concept)
cf2069_3,support,silent,silent,support,support,support,"Rising atmospheric CO2 concentrations are causing ocean acidification, which is catastrophically harming marine life.",Ocean acidification
cf1985_3,silent,silent,silent,refute,refute,silent,"The North Pole is melting ""a bit"" but the South Pole is getting bigger.",North Pole
cf1326_2,support,support,silent,refute,support,silent,"But more than 7% of deaths are related to cold—counting hypothermia, as well as increased blood pressure and risk of heart attack that results when the body restricts blood flow in response to frigid ",Hypothermia
cf2818_3,silent,silent,silent,refute,support,silent,"The 30,000 scientists and science graduates listed on the OISM petition represent a tiny fraction (0.3%) of all science graduates.",Oregon Petition
cf1567_3,silent,refute,refute,silent,silent,silent,IPCC overestimate temperature rise.,Intergovernmental Panel on Climate Change
cf2565_3,refute,refute,refute,refute,support,silent,Human kind has little or nothing to do with the recent temperature changes.,Ecology
cf2423_1,support,silent,silent,silent,support,silent,"Arctic sea ice has been steadily thinning, even in the last few years while the surface ice (eg - sea ice extent) increased slightly.",Arctic Ocean
cf171_3,silent,silent,silent,silent,support,silent,"We’ll still be facing extreme heat, but at a far more manageable level than if we’d done nothing to halt climate change.",Global warming
cf1069_4,support,silent,silent,silent,refute,silent,“There is now less sea ice on Earth than at any time on record.,Holocene
cf1555_4,silent,silent,silent,refute,silent,silent,Climate change is because of El Niño.,La Niña
cf1876_4,silent,silent,silent,silent,silent,silent,"During ""the recent global warming summit in Copenhagen, Nancy Pelosi and others stayed at a five-star hotel on a trip costing nearly $10,000 per person.""",Scientific consensus on climate change
cf2144_2,refute,silent,refute,support,support,silent,97% consensus on human-caused global warming has been disproven,Scientific consensus on climate change
cf2978_1,refute,refute,refute,refute,refute,silent,"The lower temperatures at this ""coldest point"" have caused global water vapor levels to drop, even as carbon levels rise.",Eocene
cf1113_1,support,silent,silent,refute,support,support,"This means the jet stream meanders more, with big loops bringing warm air to the frozen north and cold air into warmer southern climes.”",Early 2014 North American cold wave
cf390_0,refute,refute,refute,refute,refute,silent,"there were no ice sheets covering either Greenland or West Antarctica, and much of the East Antarctic ice sheet was gone.",Antarctica
cf2710_2,support,support,refute,refute,refute,silent,[Wind energy] is a more expensive way of producing energy than the alternative.,Wind power
cf1923_1,silent,silent,refute,refute,silent,silent,"More than 260,000 Americans are employed by the domestic solar industry â three times as many workers as employed by the entire coal mining industry.",Economy of the United Kingdom
cf904_0,support,silent,silent,refute,refute,silent,"Without human intervention, the concentration of CO2 has climbed as high as 7,000 parts per million (ppm) in prior eras, whereas at present the concentration is just over 400 ppm.",Carbon dioxide in Earth's atmosphere
cf1490_3,silent,refute,silent,refute,refute,silent,the concentration of carbon dioxide in Earth’s atmosphere has climbed to a level last seen more than 3 million years ago — before humans even appeared on the rocky ball we call home.,Carbon dioxide in Earth's atmosphere
cf1268_3,support,silent,silent,support,support,support,"The thermal expansion of the oceans, compounded by melting glaciers, resulted in the highest global sea level on record in 2015.",Sea level rise
cf316_0,refute,refute,refute,refute,refute,silent,the models predicted seven times as much warming as has been observed,Deforestation
cf3069_2,silent,silent,silent,support,support,support,Continued greenhouse gas emissions at or above current rates would cause further warming and induce many changes in the global climate system during the 21st century that would very likely be larger t,Greenhouse gas
cf168_1,support,silent,silent,support,support,support,"As the temperature has increased, so has the ability of scientists to determine whether specific events are linked to climate change.",Attribution of recent climate change
cf38_4,silent,silent,silent,refute,silent,silent,Scientists studying Antarctica sea ice warn a rise in accumulation could spark the next ice age.,Sea level rise
cf2117_1,silent,refute,silent,refute,silent,silent,"Global sea level data shows that sea level rise has been increasing since 1880 while future sea level rise predictions are based on  physics, not statistics.",Sea level rise
cf2694_0,support,silent,silent,silent,support,silent,The Independent Climate Change Email Review investigated the CRU scientists' actions relating to peer review.,Climatic Research Unit email controversy
cf2886_0,support,silent,silent,support,support,support," As it happens, the writer of that October 2009 e-mail—Kevin Trenberth, a lead author of the warmist bible, the 2007 Intergovernmental Panel on Climate Change (IPCC) report—told Congress two years ago",Global warming
cf168_3,support,silent,silent,refute,support,silent,"As the temperature has increased, so has the ability of scientists to determine whether specific events are linked to climate change.",Climate change mitigation
cf622_0,refute,silent,silent,refute,refute,silent,"A longer and warmer growing season also has an effect, Dr. Overpeck said, as plants take up more water, further reducing stream flows.",Climate change and agriculture
cf2631_0,refute,silent,refute,silent,silent,silent,The temperatures are expected to change by as much as 10 Fahrenheit degrees at different places of the globe.,Earth
cf1084_4,silent,silent,silent,silent,support,silent,"[Jonathan Overpeck:] ‘No doubt about it anymore — humans, mainly by burning fossil fuels, are cooking the planet,’ Overpeck said.",Non-renewable resource
cf11_0,support,silent,silent,support,support,support,They tell us that we are the primary forces controlling earth temperatures by the burning of fossil fuels and releasing their carbon dioxide.,Carbon dioxide
cf1725_3,silent,silent,silent,silent,silent,silent,The iris hypothesis has not withstood the test of time - subsequent research,Type I and type II errors
cf2217_1,refute,refute,refute,refute,refute,silent,"Numerous studies into the effect of urban heat island effect and microsite influences find they have negligible effect on long-term trends, particularly when averaged over large regions.",Urban heat island
cf770_2,silent,refute,silent,support,support,support,[CO2] has increased 43 percent above the pre-industrial level so far,Greenhouse gas
cf2423_0,silent,silent,silent,refute,support,silent,"Arctic sea ice has been steadily thinning, even in the last few years while the surface ice (eg - sea ice extent) increased slightly.",Arctic Ocean
cf3034_3,silent,silent,silent,silent,silent,silent,"Since rock weathering reduces atmospheric CO2, this again reinforces the scientific fact that CO2 is a strong driver of climate.",Global warming
cf1559_4,silent,silent,silent,support,support,support,Clouds provide negative feedback.,Tropical cyclone
cf95_2,support,silent,silent,silent,support,silent,[climate scientists] say that aspects of the case of Hurricane Harvey suggest global warming is making a bad situation worse.,Hurricane Harvey
cf1299_0,silent,silent,refute,silent,refute,silent,"A recent Nature study expecting more severe hurricanes from global warming still found that damages would halve from 0.04 per cent to 0.02 per cent of global GDP, because the increased ferocity would ",Effects of global warming on humans
cf378_0,support,silent,silent,support,support,support,"for thousands of millions of years the Earth has been changing, with cycles­ and one-off events such as an asteroid impact, super-volcano or a supernova explosion.",Earth
cf1307_2,support,silent,silent,silent,support,silent,"a new study by scientists at the Australian Research Council finds that the ongoing bleaching event is mainly due to human-caused global warming, and that if global warming proceeds as currently expec",Great Barrier Reef
cf2275_0,support,silent,refute,silent,silent,silent,[…] Constant 24-7  media coverage of every significant storm worldwide just makes it seem  that way.”,2003 invasion of Iraq
cf1325_3,silent,silent,refute,refute,refute,silent,"“The Lancet researchers found that about 0.5%—half a percent—of all deaths are associated with heat, not only from acute problems like heat stroke, but also increased mortality from cardiac events and",Hyperthermia
cf302_3,silent,silent,silent,refute,refute,silent,"In addition, [climate models] ignore the fact that enriching the atmosphere with CO2 is beneficial",Greenhouse gas
cf2409_3,support,silent,silent,silent,support,support,"Less energy is escaping to space: Carbon dioxide (CO2) acts like a blanket; adding more CO2 makes the 'blanket' thicker, and humans are adding more CO2 all the time.",Climate change mitigation
cf2521_2,silent,silent,silent,refute,refute,silent,The atmosphere of the Earth is less able to absorb shortwave radiation from the Sun than thermal radiation coming from the surface.,Atmosphere of Earth
cf1643_2,support,silent,silent,silent,support,silent,"Al Gore's book is quite accurate, and far more accurate than contrarian books.",An Inconvenient Truth
cf1339_0,silent,silent,silent,silent,support,silent,"“Dr Browman, a marine scientist for 35 years, said he was not saying that ocean acidification posed no threat, but that he believed that “a higher level of academic scepticism” should be applied to th",Carbon dioxide
cf742_3,refute,silent,silent,refute,refute,silent,Global human emissions are only 3 per cent of total annual emissions.,Kyoto Protocol
cf1689_2,silent,silent,silent,silent,support,support,Evidence is building that net cloud feedback is likely positive and unlikely to be strongly negative.,Evidence
cf2817_4,refute,silent,refute,refute,refute,silent,"The Petition Project features over 31,000 scientists signing the petition stating ""there is no convincing scientific evidence that human release of carbon dioxide will, in the forseeable future, cause",Scientific consensus on climate change
cf1908_1,silent,silent,silent,silent,refute,refute,"In reality, gas produced by fracking is worse for the climate than coal.",Greenhouse gas
cf3038_4,silent,silent,silent,silent,silent,silent,"Clearly, other factors besides atmospheric carbon influence earth temperatures and global warming.""",Greenhouse gas
cf774_0,support,silent,silent,support,support,support,"The warming is extremely rapid on the geologic time scale, and no other factor can explain it as well as human emissions of greenhouse gases.",Carbon dioxide
cf2482_0,refute,silent,refute,refute,refute,silent,The warm and cool regions roughly balance each other out with little impact on global temperature.,Global warming
cf348_1,refute,refute,refute,refute,refute,silent,There’s no trend in hurricane-related flooding in the U.S.,2008 Atlantic hurricane season
cf1488_4,refute,refute,refute,support,support,silent,New Study Confirms EVs Considerably Worse For Climate Than Diesel Cars.,Electric vehicle
cf2843_4,refute,refute,refute,refute,refute,silent,"Together, these two unaltered [sea level] datasets indicate that global mean sea level trend has remained stable over the entire period 1992-2007, altogether eliminating the apparent 3.2 mm/year rate ",Sea level rise
cf1580_0,silent,refute,silent,refute,silent,silent,Plant stomata show higher and more variable CO2 levels.,Photosynthesis
cf442_2,refute,refute,refute,refute,support,silent,There is no empirical evidence that increasing greenhouse gases are the primary cause of Global Warming,Greenhouse gas
cf978_3,silent,silent,silent,refute,silent,silent,The extreme cycles of dry and wet weather appear to have been intensifying over the last three decades.,Little Ice Age
cf1988_4,silent,silent,refute,refute,refute,silent,"The Obama administration's ""own Environmental Protection Agency"" has said its Clean Power Plan ""will have a marginal impact on climate change.""",Clean Power Plan
cf3059_1,silent,silent,refute,refute,refute,silent,Models and direct observations find that CFCs only contribute a fraction of the warming supplied by other greenhouse gases.,Chlorofluorocarbon
cf1602_4,silent,silent,silent,silent,silent,silent,Antarctica is too cold to lose ice.,Antarctica
cf2257_3,refute,refute,refute,refute,refute,silent,'Our harmless emissions of trifling quantities of carbon dioxide cannot possibly acidify the oceans.,Carbon dioxide
cf2898_4,refute,refute,refute,refute,refute,refute,The report suggests significantly smaller overall  ice-mass losses than previous estimates.,Retreat of glaciers since 1850
cf38_0,refute,silent,silent,refute,silent,silent,Scientists studying Antarctica sea ice warn a rise in accumulation could spark the next ice age.,Antarctica
cf138_2,silent,silent,silent,silent,silent,silent,"As a result, half of the people surveyed around the world last year said they thought climate change would make humanity extinct.",Scientific consensus on climate change
cf1317_3,support,silent,support,refute,support,support,“…climate change will also reduce the number of cold days and cold spells.,Physical impacts of climate change
cf2193_0,silent,silent,silent,refute,refute,silent,"In the last 35 years of global warming, the sun has shown a slight cooling trend.",Global warming
cf1065_3,support,silent,silent,silent,support,silent,"However, this is exactly what climate scientists have predicted for California since at least the 1980s: protracted periods of warm, dry conditions punctuated by intense wet spells, with more rain and",Physical impacts of climate change
cf2745_0,silent,silent,refute,refute,silent,silent,"Two American researchers allege that U.S. government scientists have  skewed global temperature trends by ignoring readings from thousands of  local weather stations around the world, particularly tho",Global warming controversy
cf1399_3,refute,refute,silent,refute,refute,silent,"Since the end of 2012, moreover, total polar ice extent has largely remained above the post-1979 average.",Climate change in the Arctic
cf2787_0,refute,silent,silent,refute,refute,silent,Hansen's 1988 results are evidence that the actual climate sensitivity is about 3°C for a doubling of atmospheric CO2.,Climate sensitivity
cf2071_2,support,silent,silent,support,support,support,Carbon pollution is a health hazard.,Air pollution
cf311_2,refute,refute,refute,refute,support,refute,"there has been no systematic increase in the frequency of extreme weather events,",Effects of global warming on human health
cf2463_0,support,silent,silent,refute,support,silent,"Volcanoes have been relatively frequent and if anything, have exerted a cooling effect.",Volcano
cf1608_0,silent,silent,silent,silent,silent,silent,Schmittner finds low climate sensitivity.,Earth's energy budget
cf1578_1,refute,refute,refute,refute,support,support,Less than half of published scientists endorse global warming.,Scientific consensus on climate change
cf1055_1,support,silent,silent,silent,support,silent,"They do not make a definitive attribution statement, but the data are consistent with and strongly suggestive of human-driven warming as a root cause of the oxygen decline.’”",Climatic Research Unit email controversy
cf237_4,refute,silent,silent,refute,refute,silent,However the warming trend is slower than most climate models have forecast,James Hansen
cf194_2,silent,silent,silent,refute,support,silent,The main greenhouse gas is water vapour[…],Greenhouse gas
cf357_0,silent,silent,silent,silent,silent,silent,"With that in mind, they propose a plausible and terrifying “2050 scenario” whereby humanity could face irreversible collapse in just three decades.",Mind Meld
cf1444_1,silent,silent,silent,silent,silent,silent,"Natural climate solutions like ending deforestation and restoring degraded forests could, at the global level, create 80 million jobs, bring 1 billion people out of poverty and add US$ 2.3 trillion in",Human overpopulation
cf306_0,refute,refute,refute,refute,support,silent,There is no statistical evidence that global warming is intensifying[…] droughts,Effects of global warming
cf1480_1,refute,silent,refute,silent,silent,silent,"I think about all the 194 countries that signed onto the Paris accord, the U.S. is the one that's leading the world in reducing emissions.",Paris Agreement
cf3066_3,support,silent,silent,silent,silent,silent,"The claim that 2.2 conventional jobs are destroyed   for  every new job created in the alternative energy industry is based on a study which relies on incorrect numbers, cherrypicked dates, faulty the",List of topics characterized as pseudoscience
cf2809_1,support,silent,silent,support,support,support,The motions of the massive oceans where heat is moved between deep layers and the surface provides variability on time scales from years to centuries.,Climate variability
cf1508_4,refute,refute,refute,refute,refute,silent,global warming ceased around the end of the twentieth century and was followed (since 1997) by 19 years of stable temperature.,Global warming
cf2898_2,refute,silent,silent,silent,refute,silent,The report suggests significantly smaller overall  ice-mass losses than previous estimates.,Retreat of glaciers since 1850
cf3046_4,support,silent,silent,support,support,support,There are many lines of evidence which clearly show that the atmospheric CO2 increase is caused by humans.,Scientific consensus on climate change
cf97_4,refute,refute,refute,refute,refute,refute,"according, again, to the official figures—during this past 10 years, if anything, mean global temperature, average world temperature, has slightly declined",Global warming
cf628_2,silent,silent,silent,refute,silent,silent,as continents rise after the overlying ice has melted,Overdeepening
cf281_0,refute,silent,silent,silent,silent,silent,"In an interview with the BBC after the scandal broke, Dr Jones admitted there had been no statistically significant global warming since 1995",Climatic Research Unit email controversy
cf935_1,support,silent,silent,refute,support,silent,"The winds around the continent seem to be strengthening, stirring the ocean and bringing up a layer of warmer water that has most likely been there for centuries.",Arctic Ocean
cf1270_1,support,silent,silent,silent,support,support,The world’s alpine glaciers recorded a net annual loss of ice for the 36th consecutive year and the Greenland ice sheet … experienced melting over more than 50% of its surface.,Greenland ice sheet
cf2692_0,support,silent,silent,support,support,support,"Volcanoes, solar variations, clouds, methane, aerosols - these all change the way energy enters and/or leaves our climate.",Climate change (general concept)
cf1774_0,support,silent,silent,silent,refute,silent,"The CERN CLOUD experiment only tested one-third of one out of four requirements necessary to blame global warming on cosmic rays, and two of the other requirements have already failed.",Attribution of recent climate change
cf2579_2,refute,refute,refute,refute,refute,silent,"Over the past 250 years, humans have added just one part of CO2 in 10,000 to the atmosphere.",Greenhouse gas
cf2065_4,support,silent,silent,refute,support,silent,Global warming is causing snow to disappear.,Global warming
cf2000_4,silent,refute,silent,refute,support,silent,There is not a single candidate in the Republican primary that thinks we should do anything about climate change.,Ted Cruz
cf1794_2,support,support,silent,silent,silent,silent,Ben Santer could not have and did not single-handedly alter the 1995 IPCC report.,Intergovernmental Panel on Climate Change
cf1920_3,silent,refute,refute,silent,support,silent,Melting of Arctic sea ice and polar icecaps is not occurring at unnatural rates and does not constitute evidence of a human impact on the climate.,Polar ice cap
cf897_4,refute,refute,refute,refute,refute,refute,The report […] found that the United States was one of the most pollution-free nations in the world.”,United States
cf791_2,support,silent,refute,support,support,support,‘Clean coal’ is an approach in which the emissions from coal-burning power plants would be captured and pumped underground.,Carbon capture and storage
cf1475_1,support,silent,silent,silent,silent,support,More than 500 scientists and professionals in climate and related fields have sent a 'European Climate Declaration' to the Secretary-General of the United Nations.,Scientific consensus on climate change
cf2620_2,support,silent,silent,support,support,support,"""...the largest of all the positive or temperature-amplifying feedbacks in  the UN’s arsenal is the water-vapor feedback.",Global warming
cf819_1,refute,refute,refute,refute,refute,silent,Climate change need not endanger anyone”,Scientific consensus on climate change
cf2693_0,support,silent,silent,support,support,support,"While there are many drivers of climate, CO2 is the most dominant radiative forcing and is increasing faster than any other forcing.",Carbon dioxide in Earth's atmosphere
cf2400_1,refute,silent,refute,silent,refute,silent,"'To suddenly label CO2 as a ""pollutant"" is a disservice to a gas that has played an enormous role in the development and sustainability of all life on this wonderful Earth.",Emissions trading
cf2794_4,support,silent,silent,refute,support,silent,But his results are evidence that the actual climate sensitivity is about 3°C for a doubling of atmospheric CO2.,Svante Arrhenius
cf184_2,refute,refute,refute,refute,support,refute,It has never been shown that human emissions of carbon dioxide drive global warming.,Global warming
cf697_3,silent,silent,silent,silent,silent,silent,"While many scientists have acknowledged the mismatch between model predictions and actual temperature observations, few have really challenged the validity of the models themselves.",Machine learning
cf44_4,refute,refute,refute,refute,support,silent,"Human-produced carbon might be one of the factors [of climate change], but there’s simply no evidence that it is a significant one.",Scientific consensus on climate change
cf55_4,refute,refute,refute,refute,refute,silent,"[T]he raw data, the actual thermometer data[...] shows that the US has been cooling for 80 to 90 years.",Hockey stick controversy
cf353_4,refute,refute,refute,refute,refute,silent,The bottom line is there’s no solid connection between climate change and the major indicators of extreme weather,Scientific consensus on climate change
cf196_1,support,silent,silent,support,support,support,"Without carbon dioxide, all life on Earth would die",Carbon dioxide in Earth's atmosphere
cf3003_3,refute,refute,refute,refute,support,silent,Venus is not hot because of a runaway greenhouse.,Venus
cf1769_0,support,silent,silent,support,support,support,"CO2 levels are rising so fast that unless we decrease emissions, global warming will accelerate this century.",Carbon dioxide
cf1465_1,support,refute,support,refute,support,support,"Since the beginning of the Industrial Revolution, the acidity of surface ocean waters has increased by about 30 percent.13,14",Human impact on marine life
cf1171_0,refute,silent,silent,silent,silent,silent,"If Hillary would have fact-checked her example of sea level rise in Norfolk, Virginia, she would have found out that the experts already know this is mostly due to the land there sinking.",Hillary Clinton
cf2083_4,refute,refute,silent,refute,support,silent,Climategate CRU emails suggest conspiracy,Phil Jones (climatologist)
cf2365_3,support,support,support,support,support,support,Comparisons to the most recent data consistently finds that climate change is occurring more rapidly and intensely than indicated by IPCC predictions.,Scientific consensus on climate change
cf2813_4,support,refute,silent,refute,refute,silent,"In fact, the authors go on to estimate climate sensitivity from their findings, calculate a value between 2.3 to 4.1°C.",Climate sensitivity
cf2081_0,refute,refute,refute,refute,refute,refute,Heat waves have been decreasing since the 1930s in the U.S. and globally.,Heat wave
cf564_0,support,support,silent,refute,support,silent,This could mean the landmark Paris Climate Agreement – which seeks to limit global warming to 2 degrees Celsius (3.6 degrees Fahrenheit) above pre-industrial levels – may not be enough to ward off cat,Global warming
cf495_2,silent,silent,silent,refute,support,silent,"While such a storm does not happen in New England anymore, it happened again there in 1675, with elderly eyewitnesses comparing it to the 1635 storm.",1993 Storm of the Century
cf60_3,refute,support,silent,refute,support,silent,"So that means that probably about half, maybe half of that nine-tenths of the degree [of total warming] might be caused by greenhouse gases",Scientific consensus on climate change
cf534_3,support,support,support,support,support,silent,Domino-effect of climate events could move Earth into a ‘hothouse’ state,Runaway greenhouse effect
cf1893_4,support,silent,silent,silent,support,support,"Global warming leads to much quicker spread of the Zika virus because the increased temperature, ""makes mosquitoes mature faster, . . .",Zika virus
cf2152_1,refute,refute,refute,refute,refute,refute,Venus doesn't have a runaway greenhouse effect,Greenhouse effect
cf2614_0,support,silent,silent,support,support,support,"""The Keeling curve, which is widely used to show the increase in CO2 emissions, is based on data from the top of Mount Mauna Loa in Hawaii.",Keeling Curve
cf2338_1,silent,silent,silent,silent,support,silent,The amount of warming caused by the anthropogenic increase in atmospheric CO2 may be one of the most misunderstood subjects in climate science.,Greenhouse effect
cf1495_3,silent,silent,silent,refute,refute,silent,The models predicted about three times the amount of warming in the world we’ve seen since 1988.,Global warming
cf1170_4,support,silent,silent,silent,support,silent,"If a major hurricane is approaching with a predicted storm surge of 10-14 feet, are you really going to worry about a sea level rise of 1 inch per decade?”",Storm surge
cf434_4,silent,support,support,support,support,silent,It’s also a sufficiently long period to include several cycles of climate variability.,Global warming
cf996_4,support,silent,silent,refute,support,silent,But when the Arctic warms up faster than the equator does […] the jet stream’s flow can become weakened and elongated.,Jet stream
cf2706_3,silent,silent,silent,silent,silent,silent,Monckton appears to have cherry-picked temperature data from a few stations.,Terra Nova Expedition
cf1327_0,refute,refute,refute,silent,refute,silent,"Migration patterns show people heading for warm states like Texas and Florida, not snowy Minnesota and Michigan.”",Florida
cf1591_0,refute,refute,refute,refute,refute,refute,Murry Salby finds CO2 rise is natural.,Carbon dioxide in Earth's atmosphere
cf2989_2,silent,silent,silent,refute,support,silent,"While preventing global warming is relatively cheap, economists can't even accurately estimate the accelerating costs of climate damages if we continue with business-as-usual.",Effects of global warming
cf1586_4,refute,silent,silent,refute,refute,refute,Ice Sheet losses are overestimated.,Retreat of glaciers since 1850
cf424_0,silent,silent,silent,refute,silent,silent,"Duffy pointed out that his chart was from a single tide gauge station, near San Francisco, and that sea levels rise at different rates around the world",1906 San Francisco earthquake
cf2915_1,refute,refute,refute,refute,refute,silent,"""Pollution; none of us are supporting putting substances into the  atmosphere or the waterways that might be pollutants, but carbon dioxide  is not a pollutant.",Air pollution
cf2991_4,silent,silent,silent,silent,refute,silent,"Yet the cost of doing something will likely be higher than 6 per cent of GDP"" (Bjorn Lomborg)",United Kingdom
cf1038_3,silent,silent,silent,refute,silent,silent,(Multiplying .95 by itself 15 times yields 46.3 percent.)”,Rate of return
cf2876_3,silent,refute,refute,refute,silent,silent,Science entitled The Scientific Consensus on Climate Change (Oreskes 2004).,Scientific consensus on climate change
cf1061_1,support,silent,silent,silent,support,support,warmer oceans have also begun to destabilize glaciers in Greenland and Antarctica,Sea level rise
cf1084_3,support,silent,silent,support,support,support,"[Jonathan Overpeck:] ‘No doubt about it anymore — humans, mainly by burning fossil fuels, are cooking the planet,’ Overpeck said.",Human impact on the environment
cf2366_1,support,support,support,support,support,support,"Increased CO2 makes more water vapor, a greenhouse gas which amplifies warming",Global warming
cf2460_4,refute,silent,silent,silent,silent,silent,"That drop in temperature came after what was described in the National Geographic as 'six decades of abnormal warmth'.""",Tundra
cf477_4,silent,silent,silent,silent,silent,silent,Scientists say halting deforestation ‘just as urgent’ as reducing emissions,Deforestation in Indonesia
cf1756_2,support,silent,support,support,support,silent,"Melting ice leads to more sunlight being absorbed by water, thus heating the Arctic.",Arctic sea ice decline
cf1077_2,refute,silent,refute,refute,refute,silent,"Antarctic ice fluctuates wildly year to year, and the link to man-made global warming there is not clear, NASA ice expert Walt Meier said.",Earth
cf603_0,silent,refute,silent,refute,refute,silent,Whether Antarctic mass loss keeps worsening depends on choices made today,Antarctica
cf18_1,silent,support,refute,silent,silent,silent,it’s not a pollutant that threatens human civilization.,Global catastrophic risk
cf1722_0,support,silent,silent,support,support,support,"Humans are small but powerful, and human CO2 emissions are causing global warming.",Carbon dioxide
cf1090_1,support,silent,refute,refute,support,silent,"Extreme high temperatures were seen from India — where the city of Phalodi recorded temperatures of 51 degrees Celsius (123.8 Fahrenheit) in May, a new national record — to Iran, where a temperature o",2019 heat wave in India and Pakistan
cf1480_3,refute,silent,refute,refute,refute,silent,"I think about all the 194 countries that signed onto the Paris accord, the U.S. is the one that's leading the world in reducing emissions.",Paris Agreement
cf2047_0,refute,refute,refute,support,support,silent,contrary to the hypothesis that rising temperature is caused by increasing CO2.,Carbon dioxide
cf1473_2,silent,silent,refute,refute,silent,silent,A series of just-released studies by working-level scientists prove that geological and not atmospheric forces are responsible for melting of Earth’s polar ice sheets.,Ice age
cf1605_4,refute,refute,refute,refute,support,silent,Scientists retracted claim that sea levels are rising.,Sea level rise
cf1512_3,support,silent,silent,refute,support,silent,more than 100 per cent of the warming over the past century is due to human actions.,Scientific consensus on climate change
cf2042_1,silent,silent,silent,refute,refute,silent,Recent research also indicates that the quantity of fossil fuels staying in the atmosphere is much less than previously thought.,Greenhouse gas
cf2609_4,refute,refute,refute,refute,refute,silent,Individual carbon dioxide molecules have a short life time of around 5 years in the atmosphere.,Greenhouse gas
cf761_4,silent,silent,silent,silent,silent,silent,[Riebesell] is a world authority on the topic and has typically communicated cautiously about the effects of acidification.,Sea
cf1245_1,support,silent,silent,silent,silent,silent,There will still be about a million square kilometres of ice in the Arctic in summer,Arctic Ocean
cf443_4,refute,refute,refute,support,support,silent,"“Today climate scientists are obsessed with the level of carbon dioxide in the atmosphere, a very very small part of the overall picture.",Scientific consensus on climate change
cf1582_2,refute,refute,refute,refute,refute,silent,Tuvalu sea level isn't rising.,Tuvalu
cf2497_0,silent,support,silent,refute,support,silent,"Without the forests' humidity, previously moisture-laden winds blew dry.",Aralam Wildlife Sanctuary
cf892_2,silent,refute,refute,refute,refute,silent,"Despite recent attempts to paint the United States as a major global polluter, according to the World Health Organization (WHO), the U.S. is among the cleanest nations on the planet.",United States
cf319_0,silent,silent,silent,refute,refute,silent,"Most of the atmospheric moisture originates in the tropical ocean, and the difference between surface and upper atmospheric temperature determines how much of the moisture rises into the atmosphere.",Extratropical cyclone
cf818_4,refute,refute,refute,refute,refute,refute,“Carbon dioxide hurts nobody’s health.,Smog
cf2326_0,support,support,support,support,support,support,"""In 2007, the Northern Hemisphere reached a record low in ice coverage and the Northwest Passage was opened.",Climate change in the Arctic
cf799_0,support,silent,refute,refute,silent,silent,the climate models have overestimated the amount of global warming and failed to predict what climatologists call the warming ‘hiatus’,Climate
cf1703_0,silent,silent,silent,refute,silent,silent,Multiple lines of independent evidence indicate humidity is rising and provides positive feedback.,Confirmation bias
cf2961_4,refute,refute,refute,refute,support,silent,Cooks ’97% consensus’ disproven by a new peer,Scientific consensus on climate change
cf1860_0,silent,silent,silent,silent,silent,silent,Bill Nye proposed penalizing families with too many children to reduce population growth and slow climate change.,Human overpopulation
cf558_1,support,support,support,support,support,support,Species that have a lot of plasticity tend to be generalists.,Invasive species
cf661_0,refute,silent,silent,silent,refute,silent,"“Although the extent of the summer sea ice after 2006 dropped abruptly to levels not expected until 2050, the predicted 67-per-cent decline in polar bear numbers simply didn’t happen.",Polar bear
cf903_4,support,silent,silent,support,support,support,"Growers regularly pump CO2 into greenhouses, raising levels to three times that of the natural environment, to produce stronger, greener, healthier plants.”",Vertical farming
cf2613_4,support,silent,silent,silent,support,silent,CO2 levels are measured by hundreds of stations scattered across 66 countries which all report the same rising trend.,Greenhouse gas
cf2656_4,silent,silent,silent,silent,silent,silent,The divergence of tree-ring proxies from temperatures after 1960 is openly discussed in the peer-reviewed literature and the last two IPCC assessment reports.,Scientific consensus on climate change
cf2483_3,silent,silent,silent,refute,refute,silent,"""Britain's big freeze is the start of a worldwide trend towards colder weather that seriously challenges global warming theories, eminent scientists claimed yesterday.",Global dimming
cf2574_1,support,silent,silent,silent,support,silent,On a world scale coral reefs are in decline.,Coral reef
cf1793_2,support,silent,silent,support,support,support,"While summer maximums have showed little trend, the annual average Arctic temperature has risen sharply in recent decades.",Climate of the Arctic
cf1579_2,silent,silent,silent,refute,refute,silent,A drop in volcanic activity caused warming.,Paleocene–Eocene Thermal Maximum
cf818_1,refute,refute,refute,refute,silent,silent,“Carbon dioxide hurts nobody’s health.,Carbon dioxide
cf2426_1,silent,refute,refute,refute,refute,silent,"""Twentieth century global warming did not start until  1910.",20th century
cf1146_1,refute,silent,silent,refute,support,silent,"“It’s far too early to tell if what we are seeing in the Arctic, and now the Antarctic, is a sharp shift towards warmer poles with less ice.",Climate change in the Arctic
cf1946_0,refute,silent,refute,silent,refute,silent,"President Obama's proposal calls for serious cuts in our own long-term carbon emissions, but China and India will still be allowed to increase their emissions.",2009 United Nations Climate Change Conference
cf2613_1,support,silent,silent,silent,silent,silent,CO2 levels are measured by hundreds of stations scattered across 66 countries which all report the same rising trend.,Carbon dioxide in Earth's atmosphere
cf3119_2,refute,silent,silent,silent,silent,silent,CO2 constitutes 80% of the non-condensing greenhouse gas forcing.,Greenhouse gas
cf582_1,silent,silent,support,silent,support,support,"On the other side of the Atlantic ocean, climates are typically milder as a result of the cooling from the Gulf Stream.",Atlantic Ocean
cf948_0,silent,silent,silent,refute,silent,silent,"In a study last year, Robert M. DeConto of the University of Massachusetts, Amherst, and David Pollard of Pennsylvania State University used their computer model to predict what would happen if emissi",Emissions trading
cf2272_2,support,silent,silent,silent,support,silent,"It found the scientists' rigour and honesty are not in doubt, and their behaviour did not prejudice the IPCC's conclusions, though they did fail to display the proper degree of openness.",Climatic Research Unit email controversy
cf1878_2,support,silent,silent,silent,support,support,During the 2013 election campaign the Coalition said its first legislative priority in government would be to scrap the carbon tax.,Abbott Government
cf96_3,refute,refute,refute,refute,refute,refute,"The IPCC, the Intergovernmental Panel on Climate Change, which is sort of the voice of the consensus, concedes that there has been no increase in extreme weather events.",Scientific consensus on climate change
cf678_4,support,silent,silent,support,support,support,"In the process, the cows will emit much greenhouse gas, and they will consume far more calories in beans than they will yield in meat, meaning far more clearcutting of forests to farm cattle feed than",Vegetarianism
cf763_0,support,silent,silent,silent,support,support,And some plants – like algae which use carbon for photosynthesis – may even benefit.,Algae
cf2100_4,silent,support,silent,refute,refute,refute,IPCC were wrong about Himalayan glaciers,Intergovernmental Panel on Climate Change
cf826_0,silent,silent,silent,silent,silent,silent,"The latest NOAA report is “a reminder that climate change has not, despite the insistence of climate contrarians ‘paused’ or even slowed down,” Mann said..",Abrupt climate change
cf2213_3,silent,refute,refute,refute,refute,silent,"The warming trend is the same in rural and urban areas, measured by thermometers and satellites, and by natural thermometers.",Urban heat island
cf190_1,support,silent,silent,refute,refute,silent,Climate change is normal and continual.,Climate change (general concept)
cf2181_1,silent,silent,silent,silent,silent,silent,Humans survived past climate changes,Little Ice Age
cf1657_1,refute,silent,silent,refute,silent,silent,Numerous papers have documented how IPCC predictions are more likely to underestimate the climate response.,Intergovernmental Panel on Climate Change
cf1819_3,support,silent,silent,refute,support,silent,"In particular, satellite data demonstrate for the last 17 years, there's been zero warming.",Ted Cruz
cf708_3,silent,silent,silent,refute,refute,silent,"Before human burning of fossil fuels triggered global warming, the continent’s ice was in relative balance",Ice age
cf1334_2,refute,refute,refute,refute,support,refute,We simply could never release enough CO2 into the atmosphere to cause the pH to go below 7 [the point in the pH scale at which a solution becomes acidic].”,Carbon dioxide
cf3059_2,silent,silent,silent,silent,silent,silent,Models and direct observations find that CFCs only contribute a fraction of the warming supplied by other greenhouse gases.,Greenhouse gas
cf1673_4,silent,silent,silent,refute,refute,silent,"When CO2 was higher in the past, the sun was cooler.",Ice age
cf2086_3,refute,refute,refute,refute,support,silent,Extreme weather isn't caused by global warming,Global warming
cf2399_3,support,silent,silent,silent,support,support,"While the greenhouse effect is a natural occurence, too much warming has severe negative impacts on agriculture, health and environment.",Global warming
cf1901_0,silent,silent,silent,silent,silent,silent,"If sea levels rise six feet due to climate change, Waterplace Park in Providence and Wickford village would be swamped",Climate change adaptation
cf2607_2,silent,silent,silent,silent,support,silent,"Burning fuel to produce fertiliser to grow feed, to  produce meat and to transport it - and clearing vegetation for grazing -  produces 9 per cent of all emissions of carbon dioxide, the most common  ",Carbon dioxide
cf1604_2,refute,refute,refute,refute,refute,refute,"CO2 increase is natural, not human-caused.",Global warming
cf1155_1,refute,silent,refute,refute,refute,silent,"But observations, such as those on our CO2 Coalition website, show that increased CO2 levels over the next century will cause modest and beneficial warming—perhaps as much as one degree Celsius (1.8 d",Climate change in the United States
cf2986_2,silent,refute,silent,silent,refute,silent,"As a result, the planet as a whole is becoming less reflective and absorbing more sunlight, which is accelerating global warming.",Global warming
cf1240_2,silent,silent,silent,silent,silent,silent,“Ice-free means the central basin of the Arctic will be ice-free,Arctic Ocean
cf1614_2,refute,refute,support,refute,support,silent,Arctic sea ice extent was lower in the past.,Polar ice cap
cf1647_2,support,support,support,support,support,support,Extreme weather events are being made more frequent and worse by global warming.,Global warming
cf1912_3,refute,silent,silent,silent,refute,silent,"Julia Gillard her decision not to argue against a fixed carbon price being labelled a ""carbon tax"" hurt her terribly politically.",Julia Gillard
cf1410_3,silent,refute,refute,refute,refute,silent,"“Temperature, like viscosity and density, and of course phone numbers, is not something that can be meaningfully averaged. ‘",Thermodynamic temperature
cf2531_2,support,silent,silent,refute,support,silent,"""In 1999 New Scientist reported a comment by the leading Indian glaciologist Syed Hasnain, who said in an email interview with this author that all the glaciers in the central and eastern Himalayas co",Criticism of the IPCC Fourth Assessment Report
cf135_1,support,silent,silent,silent,silent,silent,"Carbon emissions are declining in most rich nations and have been declining in Britain, Germany, and France since the mid-1970s",Greenhouse gas
cf1530_2,support,silent,support,support,support,support,"Scientists have known for some time, from multiple lines of evidence, that humans are changing Earth’s climate, primarily through greenhouse gas emissions.",Scientific consensus on climate change
cf2319_1,support,silent,silent,refute,refute,silent,"While urban areas are undoubtedly warmer than surrounding rural areas, this has had little to no impact on warming trends.",Urban heat island
cf1606_2,refute,refute,refute,support,support,support,Renewable energy investment kills jobs.,Green-collar worker
cf3064_2,refute,refute,refute,refute,refute,refute,"No warming since at least 1995, no melting glaciers and now no rising sea levels.",Post-glacial rebound
cf2134_1,refute,refute,refute,refute,refute,silent,Tuvalu sea level isn't rising,Tuvalu
cf3093_0,support,silent,silent,support,support,support,"Sending oscillating microwaves from an antenna inside a vacuum through an electromagnetic field through a dielectric material, such as water, creates radio frequency heating at the molecular level",Dielectric heating
cf310_0,silent,silent,refute,refute,refute,silent,"[data] show only slight warming, mostly at night and in winter",Cloud
cf3047_1,support,silent,silent,silent,support,silent,The clearest of these is simple accounting - humans are emitting CO2 at a rate twice as fast as the atmospheric increase (natural sinks are absorbing the other half).,Carbon sink
cf3049_0,refute,silent,refute,refute,refute,silent,"that atmospheric CO2 increase that we observe is a product of temperature  increase, and not the other way around, meaning it is a product of  natural variation...",Carbon dioxide
cf905_1,refute,silent,silent,refute,refute,silent,"“Some experts, such as UN climate scientist Dr. Indur Goklany, have defended rising CO2 levels as a good thing for humanity.",Global warming
cf400_4,refute,silent,refute,refute,support,silent,The idea that climate change is producing heat records across the Earth is among the most egregious manipulations of data in the absurd global warming debate.,Global warming controversy
cf559_0,support,silent,silent,support,support,support,"And there is a lot of evidence that climate change is diminishing biodiversity, which can be seen in these alpine meadows as well.",Biodiversity
cf1893_2,support,silent,silent,support,support,support,"Global warming leads to much quicker spread of the Zika virus because the increased temperature, ""makes mosquitoes mature faster, . . .",Effects of global warming on human health
cf2410_4,refute,refute,refute,refute,support,support,"""There is no actual evidence that carbon dioxide emissions are causing global warming.",Greenhouse gas
cf528_0,support,support,silent,support,support,support,Our evolving dynamic planet has survived[…] mass extinctions,Earth
cf2620_1,support,silent,silent,support,support,support,"""...the largest of all the positive or temperature-amplifying feedbacks in  the UN’s arsenal is the water-vapor feedback.",Climate change feedback
cf692_2,support,silent,silent,refute,support,silent,"“We indicated 23 years ago — in our 1994 Nature article — that climate models had the atmosphere’s sensitivity to CO2 much too high,” Christy said in a statement.",Climate sensitivity
cf1316_2,silent,silent,silent,silent,silent,silent,"In pushing too hard for the case that global warming is universally bad for everything, the administration’s report undermines the reasonable case for climate action.",Global warming
cf2381_4,refute,silent,refute,silent,refute,silent,Economic assessments of proposed policy to put a price on carbon emissions are in widespread agreement that the net economic impact will be minor.,Stern Review
cf503_2,support,silent,silent,silent,support,silent,"“During the sunless winter, a heatwave raised concerns that the polar vortex may be eroding.",Polar vortex
cf2113_3,refute,silent,silent,refute,refute,silent,IPCC overestimate temperature rise,IPCC Fourth Assessment Report
cf2400_0,refute,silent,silent,silent,refute,silent,"'To suddenly label CO2 as a ""pollutant"" is a disservice to a gas that has played an enormous role in the development and sustainability of all life on this wonderful Earth.",Climate change mitigation
cf350_2,refute,silent,refute,refute,refute,silent,"Since 1965, more parts of the U.S. have seen a decrease in flooding than have seen an increase.",Effects of global warming
cf2678_3,support,silent,silent,silent,support,silent,Measurements of carbon isotopes and falling oxygen in the atmosphere show that rising carbon dioxide is due to the burning of fossil fuels and cannot be coming from the ocean.,Global warming
cf2562_3,support,silent,silent,refute,refute,silent,"When accelerating ice loss from Greenland and Antarctica are factored into sea level projections, the estimated sea level rise by 2100 is between 75cm to 2 metres.",Sea level rise
cf1569_2,refute,refute,refute,refute,refute,silent,Sea level rise is decelerating.,Sea level rise
cf2910_2,silent,refute,refute,refute,support,silent,The authors seem to have jumped right  into statistical  analysis without proposing a physical mechanism that  works.,Free will
cf847_3,support,silent,silent,silent,support,silent,"“The IPCC reports also don’t fully account for the albedo effect (less ice means less reflected and more absorbed sunlight, hence more warming); more cloud cover (which traps heat); or the dieback of ",Global warming
cf1216_3,refute,silent,silent,silent,refute,silent,"…obsessing about climate change is avoiding a frank discussion about the here-and-now problems of budget deficits, the federal debt, school choice, entitlement reform, and so on.",United States federal budget
cf2119_3,silent,silent,silent,refute,support,support,Lindzen and Choi find low climate sensitivity,Richard Lindzen
cf203_1,refute,refute,refute,refute,refute,silent,"In our lifetime, there has been no correlation between carbon dioxide emissions and temperature",An Inconvenient Truth
cf1504_4,support,silent,support,support,support,silent,Climate scientists say that aspects of the case of Hurricane Harvey suggest global warming is making a bad situation worse.,Hurricane Harvey
cf1790_2,silent,silent,silent,refute,silent,silent,"Study finds low probability of both very low and very high climate sensitivities, and its lower estimate (as compared to the IPCC) is based on a new temperature reconstruction of the Last Glacial Maxi",IPCC Fifth Assessment Report
cf2877_2,refute,silent,silent,silent,silent,silent,Benny Peiser conducted a search of peer-reviewed literature on the ISI Web of Science database between 1993 and 2003.,Philosophy of geography
cf1167_4,silent,silent,silent,silent,silent,silent,Lake-bottom sediments in Florida tell us that recent major hurricane activity in the Gulf of Mexico has been less frequent than in centuries past.,Hurricane Katrina
cf2557_1,silent,silent,refute,refute,silent,silent,Poorly understood aspects of climate change do not change the fact that a great deal of climate science is well understood.,Intergovernmental Panel on Climate Change
cf1947_4,silent,silent,silent,silent,support,support,President-elect Trump has selected a climate change skeptic to head the team in charge of the transition between Obama and Trump's Environmental Protection Agencies.,Scott Pruitt
cf821_2,support,silent,silent,silent,support,silent,"Societies do fall apart from war, disease or chaos.",Vietnam War
cf1826_2,support,silent,silent,silent,support,silent,"Every year air pollution protections are delayed, another 34,000 people will die prematurely.",China
cf2075_2,silent,silent,refute,refute,refute,silent,The rate of global sea level rise on average has fallen by 40% the last century.,Global warming
cf1920_4,silent,silent,refute,refute,refute,silent,Melting of Arctic sea ice and polar icecaps is not occurring at unnatural rates and does not constitute evidence of a human impact on the climate.,Scientific consensus on climate change
cf2284_3,silent,silent,silent,silent,refute,silent,"Cosmic ray counts have increased over the past 50 years, so if they do influence global temperatures, they are having a cooling effect.",Global warming
cf2729_2,silent,silent,silent,silent,silent,silent,89 percent of the stations fail to meet the National Weather Service’s own siting requirements that stations must be 30 metres away from an artificial heating or radiating/reflecting heat source.,Renewable energy
cf1922_4,silent,silent,silent,silent,silent,silent,"More money is dedicated within the Department of Homeland Security to climate change than what's spent combating ""Islamist terrorists radicalizing over the Internet in the United States of America.""",United States Department of Homeland Security
cf728_4,support,refute,refute,refute,support,silent,"The sea was much colder than previously thought, the study suggests, indicating that climate change is advancing at an unprecedented rate”",Scientific consensus on climate change
cf2468_0,refute,refute,refute,refute,refute,silent,"""Satellite measurements indicate an absence of significant global warming since 1979, the very period that human carbon dioxide emissions have been increasing rapidly.",Carbon dioxide
cf1877_1,support,silent,silent,silent,support,silent,"During a state House debate on a jobs and energy bill this week, Democrats offered an amendment that would put the Legislature on record saying that climate change is real and that humans are causing ",John Kasich
cf220_1,support,silent,silent,support,support,silent,Hurricane Harvey gave Houston and the surrounding region a $125 billion lesson about the costs of misjudging the potential for floods,Houston
cf2011_3,support,silent,silent,silent,support,silent,"U.S. Pays $1 Billion into Green Climate Fund, Top Polluters Pay Nothing",Paris Agreement
cf2204_2,support,silent,silent,support,support,support,All the indicators show that global warming is still happening.,Global warming
cf377_2,silent,silent,silent,silent,silent,silent,"If we halve the carbon dioxide content of the atmosphere, all life dies.",Atmosphere of Venus
cf1876_0,silent,silent,silent,silent,silent,silent,"During ""the recent global warming summit in Copenhagen, Nancy Pelosi and others stayed at a five-star hotel on a trip costing nearly $10,000 per person.""",2009 United Nations Climate Change Conference
cf298_1,refute,refute,silent,support,support,silent,Only very few peer-reviewed papers even go so far as to say that recent warming is chiefly anthropogenic.,Scientific consensus on climate change
cf2692_3,support,support,silent,support,support,silent,"Volcanoes, solar variations, clouds, methane, aerosols - these all change the way energy enters and/or leaves our climate.",Global warming
cf688_1,silent,silent,silent,silent,silent,silent,"“The arc of global warming will be variously steep and less steep,’ said Richard Seager, a climate scientist at the Lamont-Doherty Earth Observatory of Columbia University.",Lamont–Doherty Earth Observatory
cf818_2,refute,refute,refute,refute,refute,refute,“Carbon dioxide hurts nobody’s health.,Carbon dioxide
cf1865_4,refute,silent,refute,refute,silent,silent,"Climate scientist James Hansen: ""we have until perhaps 50 years from now,"" or maybe a little longer ""and at that point, we are looking at 10, 20, 30 feet of sea-level rise.""",Sea level rise
cf1130_1,support,silent,silent,silent,support,silent,The record warm years of 2015 and 2016 were primarily caused by the super El Nino.’”,El Niño
cf2486_4,refute,refute,refute,refute,refute,refute,"The minute increase of anthropogenic CO2 in the atmosphere (0.008%) was not the cause of the warming—it was a continuation of natural cycles that occurred over the past 500 years.""",Scientific consensus on climate change
cf2940_0,refute,silent,silent,refute,refute,silent,"Rather than 100 years of unprecedented global warming as predicted by  IPCC, the global temperatures have leveled off and we seem to be heading  for cooler weather.""",Global warming
cf2187_3,support,silent,silent,refute,refute,silent,"Scientific analysis of past climates shows that greenhouse gasses, principally CO2, have controlled most ancient climate changes.",Paleoclimatology
cf862_2,silent,silent,silent,silent,silent,silent,"In the sugarcane region of El Salvador, as much as one-fifth of the population has chronic kidney disease, including over a quarter of the men, the presumed result of dehydration from working the fiel",Kidney
cf442_3,refute,refute,refute,refute,support,silent,There is no empirical evidence that increasing greenhouse gases are the primary cause of Global Warming,Greenhouse gas
cf774_3,silent,silent,silent,support,support,support,"The warming is extremely rapid on the geologic time scale, and no other factor can explain it as well as human emissions of greenhouse gases.",Global warming
cf1713_0,support,silent,silent,support,support,support,"The ocean is absorbing massive amounts of CO2, and is becoming more acidic as a result.",Ocean acidification
cf1468_2,silent,support,silent,silent,support,silent,"The bushfires in Australia were caused by arsonists and a series of lightning strikes, not 'climate change'.",Bushfires in Australia
cf1607_4,silent,silent,silent,refute,refute,silent,CO2 limits won't cool the planet.,Global warming
cf1714_3,silent,silent,silent,silent,silent,silent,Monckton used the IPCC equation in an inappropriate manner.,Radiative forcing
cf2468_1,silent,refute,refute,refute,refute,silent,"""Satellite measurements indicate an absence of significant global warming since 1979, the very period that human carbon dioxide emissions have been increasing rapidly.",Carbon dioxide
cf1649_3,refute,refute,refute,refute,refute,refute,Urban and rural regions show the same warming trend.,Urban heat island
cf2244_1,support,support,support,support,support,support,So CO2 causes warming AND rising temperature causes CO2 rise.,Carbon dioxide
cf1377_0,refute,refute,refute,refute,refute,refute,"there has been no increase in frequency or intensity of storms, floods or droughts, while deaths attributed to such natural disasters have never been fewer",2015 South Indian floods
cf55_3,refute,silent,silent,refute,support,silent,"[T]he raw data, the actual thermometer data[...] shows that the US has been cooling for 80 to 90 years.",Hockey stick controversy
cf1089_1,support,silent,silent,silent,support,support,"Last year’s warmth was manifested across the planet, from the warm tropical ocean waters off the coast of northeastern Australia, where the Great Barrier Reef experienced its worst coral bleaching eve",Coral bleaching
cf2989_4,silent,silent,refute,refute,refute,silent,"While preventing global warming is relatively cheap, economists can't even accurately estimate the accelerating costs of climate damages if we continue with business-as-usual.",Stern Review
cf257_3,support,support,silent,support,support,support,"The MWP lasted from about 950 to 1250AD, and temperature records appear to show it was even hotter than today",Medieval Warm Period
cf400_2,refute,refute,refute,refute,support,silent,The idea that climate change is producing heat records across the Earth is among the most egregious manipulations of data in the absurd global warming debate.,Global warming controversy
cf430_3,refute,refute,refute,refute,refute,silent,"“But there are plenty of studies that have come that show with respect to Antarctica that the total ice sheet, particularly that above land, is increasing, not decreasing.",Sea level rise
cf2738_2,silent,refute,refute,refute,refute,refute,"When you read Phil Jones' actual words, you see he's saying there is a warming trend",Hockey stick controversy
cf1785_2,silent,refute,refute,refute,support,silent,"Global surface temperatures have continued to rise steadily beneath short-term natural cooling effects, and the rise in global heat content has not slowed at all.",Global warming hiatus
cf1722_2,support,silent,silent,support,support,support,"Humans are small but powerful, and human CO2 emissions are causing global warming.",Global warming
cf1121_1,support,silent,silent,silent,silent,silent,"Another consequence of the fast melting Arctic raises the possibility that there may be even worse extreme weather to come, according to a few scientists: titanic Atlantic superstorms and hurricanes b",Climate change in the Arctic
cf1394_3,refute,refute,refute,refute,refute,refute,U.S. Forest Service data show pine beetle infestations have recently declined dramatically throughout the western United States.,Mountain pine beetle
cf2431_4,support,silent,silent,refute,support,silent,Short term cooling over the last few years is largely due to a strong La Nina phase in the Pacific Ocean and a prolonged solar minimum.,La Niña
cf1474_1,refute,refute,refute,refute,refute,refute,"Etna has already put more than 10,000 times the CO2 into the atmosphere than mankind has in our entire time on the Earth.",Greenhouse gas
cf366_4,silent,silent,silent,silent,silent,silent,"Armed conflicts over resources may become a reality, and have the potential to escalate into nuclear war.",Violence
cf2096_0,silent,refute,refute,silent,silent,silent,We're coming out of the Little Ice Age,Adventure Time
cf3056_0,support,silent,refute,refute,silent,silent,"""The observed data show that CFCs conspiring with cosmic rays most likely caused both the Antarctic ozone hole and global warming...",Antarctica
cf2457_4,refute,silent,silent,refute,silent,silent,"""Of the rise in temperature during the 20th century, the bulk occurred from 1900 to 1940.",Rio de Janeiro
cf1279_3,silent,silent,silent,silent,silent,silent,"“Earlier this month, NASA scientists provided a visualization of a startling climate change trend — the Earth is getting greener, as viewed from space, especially in its rapidly warming northern regio",Global warming
cf2590_3,refute,refute,refute,refute,silent,silent,This argument originates from Angstrom's work in 1901.,Argument
cf2427_4,support,silent,refute,silent,support,silent,"By that time CO2 emissions had already risen from the expanded use  of coal that had powered the industrial revolution, and emissions only  increased slowly from 3.5gigatonnes in 1910 to under 4gigato",Greenhouse gas
cf1305_1,refute,silent,silent,silent,refute,silent,"The projection that much of the Great Barrier Reef could perish within the next few decades could turn out to be too pessimistic, since other research has shown that some species of corals are surpris",Great Barrier Reef
cf2612_3,silent,silent,silent,silent,silent,silent,[T]he overwhelming majority of peer-reviewed studies  [find] that CO2 in the atmosphere remained there a short time.,Peer review
cf2295_2,refute,refute,refute,refute,refute,silent,"As a result, ""The warmest  year on US record is now 1934.",Climate change in the United States
cf1586_1,refute,silent,silent,refute,refute,refute,Ice Sheet losses are overestimated.,Ice sheet
cf57_4,silent,silent,silent,support,silent,support,"Earth’s mean temperature over the last 2,000 years shows two previous periods when temperatures were warmer than they are now; from 1–200 A.D., an epoch called the Roman Warm Period, and more recently",Medieval Warm Period
cf113_1,silent,silent,silent,refute,support,silent,The temperature is not rising nearly as fast as the alarmist computer models predicted.,Global warming controversy
cf2981_3,silent,refute,refute,silent,refute,silent,"Thus rather than a ""doomsday"" cycle of runaway warming, Mother Earth appears surprisingly tolerant of carbon, decreasing atmospheric levels of water vapor -- a more effective greenhouse gas -- to comp",Runaway greenhouse effect
cf1815_3,support,silent,silent,refute,refute,silent,Humans have been through climate changes before- but mostly cold ones and,Paleolithic
cf2067_0,support,silent,silent,support,support,support,"Arctic, Antarctic and Greenland ice loss is accelerating due to global warming.",Arctic
cf2236_0,support,support,support,support,support,support,The majority of peer reviewed research at the time predicted warming due to increasing CO2.,Global cooling
cf2560_3,refute,silent,silent,refute,silent,silent,"In the 11,400 years since the end of the last Ice Age, sea  level has risen at an average of 4 feet/century, though it is now rising  much more slowly because very nearly all of the land-based ice tha",Last Glacial Period
