uid,gold,tfidf,claim,title
sf1_31715818,silent,silent,0-dimensional biomaterials show inductive properties.,New opportunities: the use of nanotechnologies to manipulate and track stem cells.
sf3_14717500,support,support,"1,000 genomes project enables mapping of genetic sequence variation consisting of rare variants with larger penetrance effects than common variants.",Rare Variants Create Synthetic Genome-Wide Associations
sf5_13734012,support,support,1/2000 in UK have abnormal PrP positivity.,Prevalent abnormal prion protein in human appendixes after bovine spongiform encephalopathy epizootic: large scale surve
sf13_1606628,silent,silent,5% of perinatal mortality is due to low birth weight.,Estimates of global prevalence of childhood underweight in 1990 and 2015.
sf36_5152028,silent,silent,A deficiency of vitamin B12 increases blood levels of homocysteine.,Folic acid improves endothelial function in coronary artery disease via mechanisms largely independent of homocysteine l
sf36_11705328,silent,refute,A deficiency of vitamin B12 increases blood levels of homocysteine.,Randomized trial of folic acid supplementation and serum homocysteine levels.
sf42_18174210,refute,refute,A high microerythrocyte count raises vulnerability to severe anemia in homozygous alpha (+)- thalassemia trait subjects.,Increased Microerythrocyte Count in Homozygous α+-Thalassaemia Contributes to Protection against Severe Malarial Anaemia
sf48_13734012,refute,silent,"A total of 1,000 people in the UK are asymptomatic carriers of vCJD infection.",Prevalent abnormal prion protein in human appendixes after bovine spongiform encephalopathy epizootic: large scale surve
sf49_5953485,support,support,ADAR1 binds to Dicer to cleave pre-miRNA.,ADAR1 Forms a Complex with Dicer to Promote MicroRNA Processing and RNA-Induced Gene Silencing
sf50_12580014,support,silent,AIRE is expressed in some skin tumors.,Keratin-dependent regulation of Aire and gene expression in skin tumor keratinocytes
sf51_45638119,refute,support,ALDH1 expression is associated with better breast cancer outcomes.,ALDH1 is a marker of normal and malignant human mammary stem cells and a predictor of poor clinical outcome.
sf53_45638119,support,support,ALDH1 expression is associated with poorer prognosis in breast cancer.,ALDH1 is a marker of normal and malignant human mammary stem cells and a predictor of poor clinical outcome.
sf54_49556906,refute,support,AMP-activated protein kinase (AMPK) activation increases inflammation-related fibrosis in the lungs.,Metformin reverses established lung fibrosis in a bleomycin model
sf56_4709641,support,refute,APOE4 expression in iPSC-derived neurons increases AlphaBeta production and tau phosphorylation causing GABA neuron degeneration.,Gain of toxic Apolipoprotein E4 effects in Human iPSC-Derived Neurons Is Ameliorated by a Small-Molecule Structure Corre
sf57_4709641,refute,refute,"APOE4 expression in iPSC-derived neurons increases AlphaBeta production and tau phosphorylation, delaying GABA neuron degeneration.",Gain of toxic Apolipoprotein E4 effects in Human iPSC-Derived Neurons Is Ameliorated by a Small-Molecule Structure Corre
sf70_5956380,support,silent,Activation of PPM1D suppresses p53 function.,Exome sequencing identifies somatic gain-of-function PPM1D mutations in brainstem gliomas
sf70_4414547,support,support,Activation of PPM1D suppresses p53 function.,Mosaic PPM1D mutations are associated with predisposition to breast and ovarian cancer
sf72_6076903,silent,silent,Activator-inhibitor pairs are provided dorsally by Admpchordin.,Regulation of ADMP and BMP2/4/7 at Opposite Embryonic Poles Generates a Self-Regulating Morphogenetic Field
sf75_4387784,silent,refute,"Active H. pylori urease has a polymeric structure that compromises two subunits, UreA and UreB.",Structure of the proton-gated urea channel from the gastric pathogen Helicobacter pylori
sf94_1215116,silent,silent,Albendazole is used to treat lymphatic filariasis.,“Rapid-Impact Interventions”: How a Policy of Integrated Control for Africa's Neglected Tropical Diseases Could Benefit 
sf99_18810195,silent,silent,Alizarin forms hydrogen bonds with residues involved in PGAM1 substrate binding.,Tyr26 phosphorylation of PGAM1 provides a metabolic advantage to tumours by stabilizing the active conformation
sf100_4381486,support,silent,All hematopoietic stem cells segregate their chromosomes randomly.,Haematopoietic stem cells do not asymmetrically segregate chromosomes or retain BrdU
sf113_6157837,support,refute,Angiotensin converting enzyme inhibitors are associated with increased risk for functional renal insufficiency.,Renal considerations in angiotensin converting enzyme inhibitor therapy: a statement for healthcare professionals from t
sf115_33872649,refute,support,Anthrax spores can be disposed of easily after they are dispersed.,Secondary aerosolization of viable Bacillus anthracis spores in a contaminated US Senate Office.
sf118_6372244,support,refute,Antibiotic induced alterations in the gut microbiome reduce resistance against Clostridium difficile,Antibiotic-induced shifts in the mouse gut microbiome and metabolome increase susceptibility to Clostridium difficile in
sf124_4883040,support,refute,Antiretroviral therapy reduces rates of tuberculosis across a broad range of CD4 strata.,Antiretroviral Therapy for Prevention of Tuberculosis in Adults with HIV: A Systematic Review and Meta-Analysis
sf127_21598000,silent,silent,Arginine 90 in p150n is important for interaction with EB1.,Structural basis for the activation of microtubule assembly by the EB1 and p150Glued complex.
sf128_8290953,silent,silent,Arterioles have a larger lumen diameter than venules.,Scaffold-based three-dimensional human fibroblast culture provides a structural matrix that supports angiogenesis in inf
sf129_27768226,refute,refute,Articles published in open access format are less likely to be cited than traditional journals.,Open Access Increases Citation Rate
sf130_27768226,support,refute,Articles published in open access format are more likely to be cited than traditional journals.,Open Access Increases Citation Rate
sf132_7975937,silent,silent,Aspirin inhibits the production of PGE2.,Cyclooxygenase-Dependent Tumor Growth through Evasion of Immunity
sf133_38485364,silent,silent,"Assembly of invadopodia is triggered by focal generation of phosphatidylinositol-3,4-biphosphate and the activation of the nonreceptor tyrosine kinase Src.","The adaptor protein Tks5/Fish is required for podosome formation and function, and for the protease-driven invasion of c"
sf133_6969753,silent,refute,"Assembly of invadopodia is triggered by focal generation of phosphatidylinositol-3,4-biphosphate and the activation of the nonreceptor tyrosine kinase Src.",Dynamic interactions of cortactin and membrane type 1 matrix metalloproteinase at invadopodia: defining the stages of in
sf133_17934082,silent,silent,"Assembly of invadopodia is triggered by focal generation of phosphatidylinositol-3,4-biphosphate and the activation of the nonreceptor tyrosine kinase Src.",Membrane lipids in invadopodia and podosomes: Key structures for cancer invasion and metastasis
sf133_16280642,support,silent,"Assembly of invadopodia is triggered by focal generation of phosphatidylinositol-3,4-biphosphate and the activation of the nonreceptor tyrosine kinase Src.",Sequential signals toward podosome formation in NIH-src cells
sf133_12640810,silent,silent,"Assembly of invadopodia is triggered by focal generation of phosphatidylinositol-3,4-biphosphate and the activation of the nonreceptor tyrosine kinase Src.",Cortactin regulates cofilin and N-WASp activities to control the stages of invadopodium assembly and maturation
sf137_26016929,support,refute,Asymptomatic visual impairment screening in elderly populations does not lead to improved vision.,Effectiveness of screening older people for impaired vision in community setting: systematic review of evidence from ran
sf141_6955746,silent,support,Auditory entrainment is strengthened when people see congruent visual and auditory information.,Auditory Cortex Tracks Both Auditory and Visual Stimulus Dynamics Using Low-Frequency Neuronal Phase Modulation
sf141_14437255,support,support,Auditory entrainment is strengthened when people see congruent visual and auditory information.,Congruent Visual Speech Enhances Cortical Entrainment to Continuous Auditory Speech in Noise-Free Conditions.
sf142_10582939,refute,refute,Autologous transplantation of mesenchymal stem cells causes a higher rate of opportunistic infections than induction therapy with anti-interleukin-2 receptor antibodies.,Induction therapy with autologous mesenchymal stem cells in living-related kidney transplants: a randomized controlled t
sf143_10582939,support,refute,Autologous transplantation of mesenchymal stem cells causes fewer opportunistic infections than induction therapy with anti-interleukin-2 receptor antibodies.,Induction therapy with autologous mesenchymal stem cells in living-related kidney transplants: a randomized controlled t
sf146_10582939,support,refute,Autologous transplantation of mesenchymal stem cells has lower rates of rejection than induction therapy with anti-interleukin-2 receptor antibodies.,Induction therapy with autologous mesenchymal stem cells in living-related kidney transplants: a randomized controlled t
sf148_1084345,support,refute,Autophagy declines in aged organisms.,Restoration of chaperone-mediated autophagy in aging liver improves cellular maintenance and hepatic function
sf163_18872233,support,refute,Bariatric surgery has a positive impact on mental health.,Mental Health Conditions Among Patients Seeking and Undergoing Bariatric Surgery: A Meta-analysis.
sf171_12670680,refute,refute,Basophils counteract disease development in patients with systemic lupus erythematosus (SLE).,BASOPHILS AND THE T HELPER 2 ENVIRONMENT CAN PROMOTE THE DEVELOPMENT OF LUPUS NEPHRITIS
sf179_16322674,support,support,Birth-weight is positively associated with breast cancer.,Birth Size and Breast Cancer Risk: Re-analysis of Individual Participant Data from 32 Studies
sf179_27123743,support,support,Birth-weight is positively associated with breast cancer.,Role of birthweight in the etiology of breast cancer.
sf179_23557241,support,refute,Birth-weight is positively associated with breast cancer.,Intrauterine factors and risk of breast cancer: a systematic review and meta-analysis of current evidence.
sf179_17450673,support,support,Birth-weight is positively associated with breast cancer.,Intrauterine environments and breast cancer risk: meta-analysis and systematic review
sf180_16966326,refute,support,Blocking the interaction between TDP-43 and respiratory complex I proteins ND3 and ND6 leads to increased TDP-43-induced neuronal loss.,The Inhibition of TDP-43 Mitochondrial Localization Blocks Its Neuronal Toxicity
sf183_12827098,refute,support,Bone marrow cells contribute to adult macrophage compartments.,Tissue-resident macrophages self-maintain locally throughout adult life with minimal contribution from circulating monoc
sf185_18340282,refute,support,Breast cancer development is determined exclusively by genetic factors.,Gene–environment interactions in 7610 women with breast cancer: prospective evidence from the Million Women Study
sf198_2177022,silent,silent,CCL19 is absent within dLNs.,Immobilized chemokine fields and soluble chemokine gradients cooperatively shape migration patterns of dendritic cells.
sf208_13519661,support,support,CHEK2 is not associated with breast cancer.,Linkage Disequilibrium Mapping of       CHEK2: Common Variation and Breast Cancer Risk     
sf212_22038539,refute,support,CR is associated with higher methylation age.,Caloric restriction delays age-related methylation drift
sf213_13625993,silent,support,CRP is not predictive of postoperative mortality following Coronary Artery Bypass Graft (CABG) surgery.,Assessing the cost effectiveness of using prognostic biomarkers with decision models: case study in prioritising patient
sf216_21366394,refute,refute,CX3CR1 on the Th2 cells impairs T cell survival,CX3CR1 is required for airway inflammation by promoting T helper cell survival and maintenance in inflamed lung
sf217_21366394,support,refute,CX3CR1 on the Th2 cells promotes T cell survival,CX3CR1 is required for airway inflammation by promoting T helper cell survival and maintenance in inflamed lung
sf218_21366394,support,refute,CX3CR1 on the Th2 cells promotes airway inflammation.,CX3CR1 is required for airway inflammation by promoting T helper cell survival and maintenance in inflamed lung
sf219_21366394,refute,refute,CX3CR1 on the Th2 cells suppresses airway inflammation.,CX3CR1 is required for airway inflammation by promoting T helper cell survival and maintenance in inflamed lung
sf230_3067015,support,support,Carriers of the alcohol aldehyde dehydrogenase deficiency mutation drink less that non-carries.,Alcohol Intake and Blood Pressure: A Systematic Review Implementing a Mendelian Randomization Approach
sf232_10536636,silent,support,Cataract and trachoma are the primary cause of blindness in Southern Sudan.,Prevalence and Causes of Blindness and Low Vision in Southern Sudan 
sf233_4388470,refute,support,Cell autonomous sex determination in somatic cells does not occur in Galliformes.,Somatic sex identity is cell-autonomous in the chicken
sf236_4388470,support,support,Cell autonomous sex determination in somatic cells occurs in Passeriformes.,Somatic sex identity is cell-autonomous in the chicken
sf237_4942718,silent,silent,Cells lacking clpC have a defect in sporulation efficiency in Bacillus subtilis.,High-Throughput Genetic Screens Identify a Large and Diverse Collection of New Sporulation Genes in Bacillus subtilis
sf238_2251426,silent,silent,Cells undergoing methionine restriction may activate miRNAs.,microRNAs: A Safeguard against Turmoil?
sf239_14079881,support,silent,Cellular aging closely links to an older appearance.,Perceived age as clinically useful biomarker of ageing: cohort study.
sf248_1568684,support,support,Chenodeosycholic acid treatment increases whole-body energy expenditure.,The Bile Acid Chenodeoxycholic Acid Increases Human Brown Adipose Tissue Activity.
sf249_1568684,refute,support,Chenodeosycholic acid treatment reduces whole-body energy expenditure.,The Bile Acid Chenodeoxycholic Acid Increases Human Brown Adipose Tissue Activity.
sf261_1122279,support,silent,"Chronic aerobic exercise alters endothelial function, improving vasodilating mechanisms mediated by NO.",Endothelium-mediated relaxation of porcine collateral-dependent arterioles is improved by exercise training.
sf261_10697096,support,silent,"Chronic aerobic exercise alters endothelial function, improving vasodilating mechanisms mediated by NO.",Vasodilator responses of coronary resistance arteries of exercise-trained pigs.
sf268_970012,silent,refute,Cold exposure increases BAT recruitment.,Cold Exposure Promotes Atherosclerotic Plaque Growth and Instability via UCP1-Dependent Lipolysis
sf269_970012,silent,refute,Cold exposure reduces BAT recruitment.,Cold Exposure Promotes Atherosclerotic Plaque Growth and Instability via UCP1-Dependent Lipolysis
sf274_11614737,refute,support,Combination nicotine replacement therapies with varenicline or bupropion lead to significantly higher long-term abstinence rates at 52 weeks than varenicline monotherapy.,Combination varenicline and bupropion SR for tobacco-dependence treatment in cigarette smokers: a randomized trial.
sf275_4961038,support,support,Combining phosphatidylinositide 3-kinase and MEK 1/2 inhibitors is effective at treating KRAS mutant tumors.,Effective Use of PI3K and MEK Inhibitors to Treat Mutant K-Ras G12D and PIK3CA H1047R Murine Lung Cancers
sf275_14241418,support,silent,Combining phosphatidylinositide 3-kinase and MEK 1/2 inhibitors is effective at treating KRAS mutant tumors.,"NVP-BEZ235, a dual PI3K/mTOR inhibitor, prevents PI3K signaling and inhibits the growth of cancer cells with activating "
sf275_14819804,silent,silent,Combining phosphatidylinositide 3-kinase and MEK 1/2 inhibitors is effective at treating KRAS mutant tumors.,Mutations in the phosphatidylinositol-3-kinase pathway predict for antitumor activity of the inhibitor PX-866 whereas on
sf279_14376683,support,support,Commelina yellow mottle virus' (ComYMV) genome consists of 7489 baise pairs.,"Properties of Commelina yellow mottle virus's complete DNA sequence, genomic discontinuities and transcript suggest that"
sf294_10874408,silent,support,Crossover hot spots are not found within gene promoters in Saccharomyces cerevisiae.,Mapping Meiotic Single-Strand DNA Reveals a New Landscape of DNA Double-Strand Breaks in Saccharomyces cerevisiae
sf295_20310709,support,refute,Crosstalk between dendritic cells (DCs) and innate lymphoid cells (ILCs) is important in the regulation of intestinal homeostasis.,The Transcription Factor T-bet Regulates Intestinal Inflammation Mediated by Interleukin-7 Receptor+ Innate Lymphoid Cel
sf298_39381118,support,silent,Cytochrome c is released from the mitochondrial intermembrane space to cytosol during apoptosis.,At the gates of death.
sf300_3553087,silent,refute,Cytosolic proteins bind to iron-responsive elements on mRNAs coding for DMT1. Cytosolic proteins bind to iron-responsive elements on mRNAs coding for proteins involved in iron uptake.,Mitochondrial iron chelation ameliorates cigarette-smoke induced bronchitis and emphysema in mice
sf303_4388470,silent,support,DMRT1 is a sex-determining gene that is epigenetically regulated by the MHM region.,Somatic sex identity is cell-autonomous in the chicken
sf312_6173523,silent,silent,De novo assembly of sequence data has more specific contigs than unassembled sequence data.,A culture-independent sequence-based metagenomics approach to the investigation of an outbreak of Shiga-toxigenic Escher
sf314_4347374,support,silent,Deamination of cytidine to uridine on the minus strand of viral DNA results in catastrophic G-to-A mutations in the viral genome.,Broad antiretroviral defence by human APOBEC3G through lethal editing of nascent reverse transcripts
sf324_2014909,silent,silent,Deleting Raptor reduces G-CSF levels.,Oncogenic mTOR signaling recruits myeloid-derived suppressor cells to promote tumor initiation
sf327_17997584,support,support,Deletion of αvβ8 does not result in a spontaneous inflammatory phenotype.,Integrin αvβ8-Mediated TGF-β Activation by Effector Regulatory T Cells Is Essential for Suppression of T-Cell-Mediated I
sf338_23349986,refute,refute,Dexamethasone decreases risk of postoperative bleeding.,Dexamethasone and risk of nausea and vomiting and postoperative bleeding after tonsillectomy in children: a randomized t
sf343_7873737,silent,refute,Diabetic patients with acute coronary syndrome experience increased short-term and long-term risk for bleeding events.,Platelet glycoprotein IIb/IIIa inhibitors reduce mortality in diabetic patients with non-ST-segment-elevation acute coro
sf343_5884524,support,refute,Diabetic patients with acute coronary syndrome experience increased short-term and long-term risk for bleeding events.,Impact of diabetes on long-term prognosis in patients with unstable angina and non-Q-wave myocardial infarction: results
sf350_16927286,silent,silent,Discrimination between the initiator and elongation tRNAs depends on the translation initiation factor IF3.,Large-Scale Movements of IF3 and tRNA during Bacterial Translation Initiation
sf354_8774475,silent,support,Downregulation and mislocalization of Scribble prevents cell transformation and mammary tumorigenesis.,Deregulation of Scribble Promotes Mammary Tumorigenesis and Reveals a Role for Cell Polarity in Carcinoma
sf362_38587347,silent,support,During the primary early antibody response activated B cells migrate toward the inner-and outer paracortical areas where oxysterol accumulation is generated by stromal cells.,Finding the right niche: B-cell migration in the early phases of T-dependent antibody responses.
sf380_19005293,support,support,Enhanced early production of inflammatory chemokines improves viral control in the lung.,Memory CD4+ T cells induce innate responses independently of pathogen
sf384_13770184,silent,silent,Epidemiological disease burden from noncommunicable diseases is more prevalent in low economic settings.,"Global, regional, and national comparative risk assessment of 79 behavioural, environmental and occupational, and metabo"
sf385_9955779,support,silent,Epigenetic modulating agents (EMAs) modulate antitumor immune response in a cancer model system.,Epigenetic Therapy Ties MYC Depletion to Reversing Immune Evasion and Treating Lung Cancer
sf385_9767444,silent,refute,Epigenetic modulating agents (EMAs) modulate antitumor immune response in a cancer model system.,Epigenetic therapy activates type I interferon signaling in murine ovarian cancer to reduce immunosuppression and tumor 
sf386_16495649,support,refute,Errors in peripheral IV drug administration are most common during bolus administration and multiple-step medicine preparations.,Ethnographic study of incidence and severity of intravenous drug errors.
sf388_1148122,silent,silent,Ethanol stress decreases the expression of IBP in bacteria.,Regulatory and metabolic rewiring during laboratory evolution of ethanol tolerance in E. coli
sf399_791050,support,refute,Exposure to fine particulate air pollution is relate to anxiety prevalence.,The relation between past exposure to fine particulate air pollution and prevalent anxiety: observational cohort study
sf410_14924526,silent,refute,Febrile seizures increase the threshold for development of epilepsy.,Febrile seizures in the developing brain result in persistent modification of neuronal excitability in limbic circuits
sf411_14924526,silent,refute,Febrile seizures reduce the threshold for development of epilepsy.,Febrile seizures in the developing brain result in persistent modification of neuronal excitability in limbic circuits
sf415_6309659,support,refute,Female carriers of the Apolipoprotein E4 (APOE4) allele have increased risk for dementia.,Reproductive period and risk of dementia in postmenopausal women.
sf421_11172205,silent,silent,Flexible molecules experience greater steric hindrance in the tumor microenviroment than rigid molecules.,Quantum dots spectrally distinguish multiple species within the tumor milieu in vivo
sf431_28937856,support,silent,FoxO3a activation in neuronal death is mediated by reactive oxygen species (ROS).,Stress-dependent regulation of FOXO transcription factors by the SIRT1 deacetylase.
sf436_14637235,support,support,Free histones are degraded by a Rad53-dependent mechanism once DNA has been replicated.,Histone levels are regulated by phosphorylation and ubiquitylation dependent proteolysis
sf437_18399038,silent,silent,Functional consequences of genomic alterations due to Myelodysplastic syndrome (MDS) are poorly understood due to the lack of an animal model.,Establishment of human iPSC-based models for the study and targeting of glioma initiating cells
sf439_4423559,silent,silent,Fz/PCP-dependent Pk localizes to the anterior membrane of neuroectoderm cells during zebrafish neuralation,Planar cell polarity signalling couples cell division and morphogenesis during neurulation
sf440_4423559,silent,silent,Fz/PCP-dependent Pk localizes to the anterior membrane of notochord cells during zebrafish neuralation.,Planar cell polarity signalling couples cell division and morphogenesis during neurulation
sf443_10165258,support,refute,GATA-3 is important for hematopoietic stem cell (HSC) function.,GATA-3 regulates hematopoietic stem cell maintenance and cell-cycle entry.
sf452_12804937,refute,silent,Gene expression does not vary appreciably across genetically identical cells.,"Nature, Nurture, or Chance: Stochastic Gene Expression and Its Consequences"
sf452_464511,refute,support,Gene expression does not vary appreciably across genetically identical cells.,Memory and Modularity in Cell-Fate Decision Making
sf475_18678095,support,silent,Glycolysis is one of the primary glycometabolic pathways in cells.,Vesicular Glycolysis Provides On-Board Energy for Fast Axonal Transport
sf478_14767844,silent,support,Golli-deficient T-cells prefer to differentiate into an anergic phenotype in the adaptive immune response when there are increased levels of Ca2+ in the cytosol.,Golli protein negatively regulates store depletion-induced calcium influx in T cells.
sf491_56893404,silent,support,HNF4A mutations can cause diabetes in mutant carriers by the age of 14 years,Macrosomia and Hyperinsulinaemic Hypoglycaemia in Patients with Heterozygous Mutations in the HNF4A Gene
sf501_17930286,support,support,Headaches are not correlated with cognitive impairment.,"Headache, migraine, and structural brain lesions and function: population based Epidemiology of Vascular Ageing-MRI stud"
sf502_13071728,silent,silent,"Healthcare delivery efficiency in crowded delivery centers is impaired by improving structural, logistical, and interpersonal elements.",The HIV Treatment Gap: Estimates of the Financial Resources Needed versus Available for Scale-Up of Antiretroviral Thera
sf507_30774694,silent,silent,Helminths interfere with immune system control of macrophages activated by IL-4 favor Mycobacterium tuberculosis replication.,T helper 2 cytokines inhibit autophagic control of intracellular Mycobacterium tuberculosis.
sf508_13980338,silent,support,Hematopoietic Stem Cell purification reaches purity rate of up to 50%.,Combined Single-Cell Functional and Gene Expression Analysis Resolves Heterogeneity within Stem Cell Populations
sf513_13230773,refute,support,High cardiopulmonary fitness causes increased mortality rate.,Prevalence and cardiovascular disease correlates of low cardiorespiratory fitness in adolescents and adults.
sf514_16256507,silent,silent,High dietary calcium intakes are unnecessary for prevention of secondary hyperparathyroidism in subjects with 25(OH)D levels above 75 nmol/liter.,"Relationship between serum parathyroid hormone levels, vitamin D sufficiency, and calcium intake."
sf516_29564505,refute,support,High levels of CRP reduces the risk of exacerbations in chronic obstructive pulmonary disease (COPD).,Inflammatory biomarkers and exacerbations in chronic obstructive pulmonary disease.
sf517_15663829,silent,silent,High levels of copeptin decrease risk of diabetes.,Mendelian Randomization Study of B-Type Natriuretic Peptide and Type 2 Diabetes: Evidence of Causal Association from Pop
sf521_34873974,support,silent,High-sensitivity cardiac troponin T (HSCT-T) dosage may not be diagnostic if the onset of symptoms occurs less than 3 hours before acute myocardial injury (AMI).,Diagnostic accuracy of single baseline measurement of Elecsys Troponin T high-sensitive assay for diagnosis of acute myo
sf525_13639330,support,support,Histone demethylase recruitment and a transient decrease in histone methylation is necessary for ligand-dependent induction of transcription by nuclear receptors.,Histone Methylation-Dependent Mechanisms Impose Ligand Dependency for Gene Activation by Nuclear Receptors
sf527_3863543,silent,refute,Homozygous deletion of murine Sbds gene from osterix-expressing mesenchymal stem and progenitor cells (MPCs) prevents oxidative stress.,Mesenchymal Inflammation Drives Genotoxic Stress in Hematopoietic Stem Cells and Predicts Disease Evolution in Human Pre
sf528_5476778,support,support,Human T-lymphotropic virus type-I-associated myelopathy / tropical spastic paraparesis (HAM/TSP) patients produce Immunoglobulin G (IgG) antibodies which cross-react with an immunodominant epitope in ,Autoimmunity due to molecular mimicry as a cause of neurological disease
sf532_12991445,refute,refute,Hyperfibrinogenemia decreases rates of femoropopliteal bypass thrombosis.,Influence of smoking and plasma factors on patency of femoropopliteal vein grafts.
sf533_12991445,support,refute,Hyperfibrinogenemia increases rates of femoropopliteal bypass thrombosis.,Influence of smoking and plasma factors on patency of femoropopliteal vein grafts.
sf535_39368721,silent,silent,Hypertension is frequently observed in type 1 diabetes patients.,Glucose tolerance and blood pressure: long term follow up in middle aged men.
sf536_16056514,support,silent,Hypocretin neurones induce panicprone state in rats.,A KEY ROLE FOR OREXIN IN PANIC ANXIETY
sf539_13282296,support,support,Hypoglycemia increases the risk of dementia.,Hypoglycemic episodes and risk of dementia in older patients with type 2 diabetes mellitus.
sf540_11886686,support,support,Hypothalamic glutamate neurotransmission is crucial to energy balance.,Synaptic glutamate release by ventromedial hypothalamic neurons is part of the neurocircuitry that prevents hypoglycemia
sf540_25007443,silent,silent,Hypothalamic glutamate neurotransmission is crucial to energy balance.,Topographic mapping of VMH → arcuate nucleus microcircuits and their reorganization by fasting
sf544_24221369,silent,silent,IFIT1 restricts viral replication by sequestrating mis-capped viral RNAs.,A Conserved Histidine in the RNA Sensor RIG-I Controls Immune Tolerance to N1-2'O-Methylated Self RNA.
sf549_9433958,support,support,IRG1 has antiviral effects against neurotropic viruses.,Differential innate immune response programs in neuronal subtypes determine susceptibility to infection in the brain by 
sf551_33499189,silent,support,ITAM phosphorylation prevents the transfer of the T cell receptor (TCR) signal from the echo-domain to the cytoplasmic tail of the T cell receptor (TCR).,Full activation of the T cell receptor requires both clustering and conformational changes at CD3.
sf552_1471041,silent,support,IgA plasma cells that are specific for transglutaminase 2 accumulate in the duodenal mucosa on commencement of a gluten-free diet.,High abundance of plasma cells secreting transglutaminase 2–specific IgA autoantibodies with limited somatic hypermutati
sf554_1049501,silent,refute,Immune complex triggered cell death leads to extracellular release of neutrophil protein HMGB1.,Neutrophil extracellular traps enriched in oxidized mitochondrial DNA are interferogenic and contribute to lupus-like di
sf560_40096222,silent,silent,Immune responses result in the development of inflammatory Th17 cells and anti-inflammatory iTregs.,Compromised intestinal epithelial barrier induces adaptive immune compensation that protects from colitis.
sf569_23460562,support,silent,"In adult tissue, most T cells are memory T cells.",Early life compartmentalization of human T cell differentiation and regulatory function in mucosal and lymphoid tissues
sf575_10300888,silent,support,"In domesticated populations of Saccharomyces cerevisiae, whole chromosome aneuploidy is very uncommon.",Domestication and Divergence of Saccharomyces cerevisiae Beer Yeasts
sf577_5289038,silent,silent,"In mice, P. chabaudi parasites are able to proliferate faster early in infection when inoculated at lower numbers than when inoculated at high numbers.",Partitioning regulatory mechanisms of within-host malaria dynamics using the effective propagation number.
sf578_8764879,refute,support,"In mouse models, the loss of CSF1R facilitates MOZ-TIF2-induced leuekmogenesis.",PU.1-mediated upregulation of CSF1R is crucial for leukemia stem cell potential induced by MOZ-TIF2
sf587_16999023,silent,support,"In transgenic mice harboring green florescent protein under the control of the Sox2 promoter, less than ten percent of the cells with green florescent colocalize with cell proliferation markers.",Cell Stem Cell Article In Vivo Fate Analysis Reveals the Multipotent and Self-Renewal Capacities of Sox2 + Neural Stem C
sf589_10984005,support,refute,"In young and middle-aged adults, current or remote uses of ADHD medications do not increase the risk of serious cardiovascular events.",ADHD medications and risk of serious cardiovascular events in young and middle-aged adults.
sf593_19675911,support,refute,Incidence of heart failure decreased by 10% in women since 1979.,Trends in heart failure incidence and survival in a community-based population.
sf597_12779444,support,support,Incidence rates of cervical cancer have decreased.,Effect of screening on cervical cancer mortality in England and Wales: analysis of trends with an age period cohort mode
sf597_36355784,support,refute,Incidence rates of cervical cancer have decreased.,The effect of mass screening on incidence and mortality of squamous and adenocarcinoma of cervix uteri.
sf597_25742130,support,silent,Incidence rates of cervical cancer have decreased.,Mass screening programmes and trends in cervical cancer in Finland and the Netherlands.
sf598_25742130,refute,silent,Incidence rates of cervical cancer have increased due to nationwide screening programs based primarily on cytology to detect uterine cervical cancer.,Mass screening programmes and trends in cervical cancer in Finland and the Netherlands.
sf613_9638032,support,support,Increased microtubule acetylation repairs LRRK2 Roc-COR domain mutation induced locomotor deficits.,Increasing microtubule acetylation rescues axonal transport and locomotor deficits caused by LRRK2 Roc-COR domain mutati
sf619_20888849,refute,silent,Increased vessel density along with a reduction in fibrosis decreases the efficacy of chemotherapy treatments.,Inhibition of Hedgehog signaling enhances delivery of chemotherapy in a mouse model of pancreatic cancer.
sf619_2565138,silent,silent,Increased vessel density along with a reduction in fibrosis decreases the efficacy of chemotherapy treatments.,Hyaluronan impairs vascular function and drug delivery in a mouse model of pancreatic cancer
sf623_17000834,silent,refute,Individuals with low serum vitamin D concentrations have increased risk of multiple sclerosis.,"Past exposure to sun, skin phenotype, and risk of multiple sclerosis: case-control study."
sf628_24512064,silent,silent,Infection of human T-cell lymphotropic virus type 1 is most frequent in individuals of African origin.,"HTLV-I/II associated disease in England and Wales, 1993-7: retrospective review of serology requests."
sf636_24294572,support,support,"Inositol lipid 3-phosphatase PTEN converts Ptdlns(3,4)P 2 into phosphatidylinositol 4-phosphate.","PTEN Regulates PI(3,4)P2 Signaling Downstream of Class I PI3K"
sf637_25649714,silent,support,Input from  mental and physical health care professionals is effective at decreasing homelessness.,Mental health problems of homeless children and families: longitudinal study.
sf641_5912283,support,refute,Insomnia can be effectively treated with cognitive behavioral therapy.,Cognitive behavioral therapy vs zopiclone for treatment of chronic primary insomnia in older adults: a randomized contro
sf641_31554917,silent,silent,Insomnia can be effectively treated with cognitive behavioral therapy.,A clinical approach to circadian rhythm sleep disorders.
sf644_13619127,silent,refute,Insulin increases risk of severe kidney failure.,"Diabetes treatments and risk of amputation, blindness, severe kidney failure, hyperglycaemia, and hypoglycaemia: open co"
sf649_12789595,silent,refute,Integrating classroom-based collaborative learning with Web-based collaborative learning leads to subpar class performance,Computer assisted learning in undergraduate medical education.
sf659_1215116,silent,silent,Ivermectin is used to treat lymphatic filariasis.,“Rapid-Impact Interventions”: How a Policy of Integrated Control for Africa's Neglected Tropical Diseases Could Benefit 
sf660_1215116,silent,silent,Ivermectin is used to treat onchocerciasis.,“Rapid-Impact Interventions”: How a Policy of Integrated Control for Africa's Neglected Tropical Diseases Could Benefit 
sf674_2095573,refute,support,LDL cholesterol has no involvement in the development of cardiovascular disease.,LDL-cholesterol concentrations: a genome-wide association study
sf684_4942718,silent,silent,Lack of clpC does not affect sporulation efficiency in Bacillus subtilis cells.,High-Throughput Genetic Screens Identify a Large and Diverse Collection of New Sporulation Genes in Bacillus subtilis
sf690_18750453,silent,silent,Less than 10% of the gabonese children with Schimmelpenning-Feuerstein-Mims syndrome (SFM) had a plasma lactate of more than 5mmol/L.,Assessment of Volume Depletion in Children with Malaria
sf691_10991183,silent,support,Leukemia associated Rho guanine nucleotide-exchange factor represses RhoA in response to SRC activation.,The Rho GEFs LARG and GEF-H1 regulate the mechanical response to force on integrins
sf692_24088502,refute,refute,Leuko-increased blood increases infectious complications in red blood cell transfusion.,Clinical outcomes following institution of the Canadian universal leukoreduction program for red blood cell transfusions
sf693_24088502,support,refute,Leuko-reduced blood reduces infectious complications in red blood cell transfusion.,Clinical outcomes following institution of the Canadian universal leukoreduction program for red blood cell transfusions
sf700_4350400,silent,silent,Localization of PIN1 in the Arabidopsis embryo does not require VPS9a,"Generation of cell polarity in plants links endocytosis, auxin distribution and cell fate decisions"
sf702_4350400,silent,silent,Localization of PIN1 in the roots of Arabidopsis does not require VPS9a,"Generation of cell polarity in plants links endocytosis, auxin distribution and cell fate decisions"
sf715_18421962,silent,support,Low expression of miR7a does represses target genes and exerts a biological function in ovaries.,Assessing the ceRNA hypothesis with quantitative measurements of miRNA and target abundance.
sf716_18421962,silent,silent,Low expression of miR7a exerts a biological function in testis.,Assessing the ceRNA hypothesis with quantitative measurements of miRNA and target abundance.
sf718_17587795,refute,support,Low nucleosome occupancy correlates with low methylation levels across species.,Dnmt1-Independent CG Methylation Contributes to Nucleosome Positioning in Diverse Eukaryotes
sf721_1834762,support,silent,Lupus-prone mice infected with curliproducing bacteria have higher autoantibody titers compared to controls.,Amyloid-DNA Composites of Bacterial Biofilms Stimulate Autoimmunity.
sf723_5531479,support,support,Ly49Q directs the organization of neutrophil migration to inflammation sites by regulating membrane raft functions.,The Ly49Q receptor plays a crucial role in neutrophil polarization and migration by regulating raft trafficking.
sf727_7521113,silent,support,Ly6C hi monocytes have a lower inflammatory capacity compared to their Ly6C lo counterparts.,Fate mapping reveals origins and dynamics of monocytes and tissue macrophages under homeostasis.
sf728_7521113,silent,support,Ly6C hi monocytes have a lower inflammatory capacity than Ly6C lo monocytes.,Fate mapping reveals origins and dynamics of monocytes and tissue macrophages under homeostasis.
sf728_36444198,refute,support,Ly6C hi monocytes have a lower inflammatory capacity than Ly6C lo monocytes.,Subpopulations of mouse blood monocytes differ in maturation stage and inflammatory response.
sf729_26851674,support,silent,Lymphadenopathy is observed in knockin mouse lacking the SHP-2 MAPK pathway.,Dissection of signaling cascades through gp130 in vivo: reciprocal roles for STAT3- and SHP2-mediated signals in immune 
sf742_32159283,support,refute,Macrolides have no protective effect against myocardial infarction.,Antibiotics and risk of subsequent first-time acute myocardial infarction.
sf743_32159283,refute,refute,Macrolides protect against myocardial infarction.,Antibiotics and risk of subsequent first-time acute myocardial infarction.
sf744_8460275,support,refute,Macropinocytosis contributes to a cell's supply of amino acids via the intracellular uptake of protein.,The Utilization of Extracellular Proteins as Nutrients Is Suppressed by mTORC1
sf756_2831620,support,silent,Many proteins in human cells can be post-translationally modified at lysine residues via acetylation.,Protein Lysine Acetylated/Deacetylated Enzymes and the Metabolism-Related Diseases
sf759_1805641,refute,refute,Mathematical models predict that using Artemisinin-based combination therapy over nongametocytocidal drugs have a dramatic impact in reducing malaria transmission.,Modelling the Impact of Artemisinin Combination Therapy and Long-Acting Treatments on Malaria Transmission Intensity
sf768_6421792,silent,silent,Mercaptopurine is anabolized into the inactive methylmercaptopurine by thiopurine methyltrasnferase (TPMT).,Activating mutations in the NT5C2 nucleotidase gene drive chemotherapy resistance in relapsed ALL
sf770_15476777,support,refute,Metastatic colorectal cancer treated with a single agent fluoropyrimidines resulted in reduced efficacy and lower quality of life when compared with oxaliplatin-based chemotherapy in elderly patients.,"Chemotherapy options in elderly and frail patients with metastatic colorectal cancer (MRC FOCUS2): an open-label, random"
sf775_32275758,silent,silent,Mice defective for deoxyribonucleic acid (DNA) polymerase I (polI) reveal increased sensitivity to ionizing radiation (IR).,"Nonoverlapping functions of DNA polymerases mu, lambda, and terminal deoxynucleotidyltransferase during immunoglobulin V"
sf781_24338780,refute,support,Mice that lack Interferon-γ or its receptor exhibit high resistance to experimental autoimmune myocarditis.,Lethal autoimmune myocarditis in interferon-gamma receptor-deficient mice: enhanced disease severity by impaired inducib
sf783_40632104,silent,support,Mice without IFN-γ or its receptor are resistant to EAM induced with α-MyHC/CFA.,Dual role of the IL-12/IFN-gamma axis in the development of autoimmune myocarditis: induction by IL-12 and protection by
sf784_2356950,support,support,MicroRNA is involved in the regulation of Neural Stem Cell (NSC) differentiation and proliferation dynamic homeostasis,Epigenetic regulation of miR-184 by MBD1 governs neural stem cell proliferation and differentiation.
sf785_12471115,silent,silent,Microarray results from culture-amplified mixtures of serotypes correlate poorly with microarray results from uncultured mixtures.,The PneuCarriage Project: A Multi-Centre Comparative Study to Identify the Best Serotyping Methods for Examining Pneumoc
sf793_8551160,refute,silent,Mitochondria are uninvolved in apoptosis.,"Mitochondria: Dynamic Organelles in Disease, Aging, and Development"
sf800_22543403,silent,silent,Modifying the epigenome in the brain affects the normal human aging process by affecting certain genes related to neurogenesis.,Epigenetic mechanisms in neurological disease
sf805_22180793,support,refute,Monoclonal antibody targeting of N-cadherin inhibits metastasis.,"Monoclonal antibody targeting of N-cadherin inhibits prostate cancer growth, metastasis and castration resistance"
sf808_36606083,support,support,Most termination events in Okazaki fragments are sequence specific.,"Quantitative, genome-wide analysis of eukaryotic replication initiation and termination."
sf811_19799455,refute,refute,Mutant mice lacking SVCT2 have greatly increased ascorbic acid levels in both brain and adrenals.,Ascorbic-acid transporter Slc23a1 is essential for vitamin C transport into the brain and for perinatal survival
sf814_33387953,silent,support,"Mutations in G-Beta protein GNB2 are present in many cancers, resulting in loss of interaction with G-alpha subunits and concomitant activation of AKT pathway.",Mutations in G protein beta subunits promote transformation and kinase inhibitor resistance
sf820_8646760,silent,support,N-terminal cleavage increases success identifying transcription start sites.,Identification and Functional Characterization of N-Terminally Acetylated Proteins in Drosophila melanogaster
sf821_8646760,silent,support,N-terminal cleavage reduces success identifying transcription start sites.,Identification and Functional Characterization of N-Terminally Acetylated Proteins in Drosophila melanogaster
sf823_15319019,support,refute,N348I mutations cause resistance to zidovudine (AZT).,N348I in the Connection Domain of HIV-1 Reverse Transcriptase Confers Zidovudine and Nevirapine Resistance
sf830_1897324,silent,support,NF2 (Merlin) causes phosphorylation and subsequent cytoplasmic sequestration of YAP in Drosophila by activating LATS1/2 kinases.,A genetic screen identifies an LKB1–MARK signalling axis controlling the Hippo–YAP pathway
sf831_1897324,silent,silent,NF2 (Merlin) prevents phosphorylation and subsequent cytoplasmic sequestration of YAP in Drosophila.,A genetic screen identifies an LKB1–MARK signalling axis controlling the Hippo–YAP pathway
sf832_30303335,support,support,NFAT4 activation requires IP3R-mediated Ca2+ mobilization.,Control of NFAT Isoform Activation and NFAT-Dependent Gene Expression through Two Coincident and Spatially Segregated In
sf834_5483793,silent,silent,NOX2-independent pathways can generate peroxynitrite by reacting with nitrogen intermediates.,Altered recognition of antigen is a mechanism of CD8+ T cell tolerance in cancer
sf837_15928989,support,refute,NR5A2 is important in development of endometrial tissues.,Liver receptor homolog-1 is essential for pregnancy
sf839_1469751,support,support,Nanoparticles can be targeted against specific cell types by incorporating aptamers into lipid nanoparticles.,Aptamer-functionalized lipid nanoparticles targeting osteoblasts as a novel RNA interference–based bone anabolic strateg
sf845_17741440,support,support,Neutrophil extracellular traps (NETs) are released by ANCA-stimulated neutrophils.,Netting neutrophils in autoimmune small-vessel vasculitis
sf847_16787954,refute,refute,New drugs for tuberculosis often do not penetrate the necrotic portion of a tuberculosis lesion in high concentrations.,The association between sterilizing activity and drug distribution into tuberculosis lesions
sf852_13843341,refute,refute,Non-invasive ventilation use should be decreased if there is inadequate response to conventional treatment.,Cost effectiveness of ward based non-invasive ventilation for acute exacerbations of chronic obstructive pulmonary disea
sf859_1982286,refute,support,Normal expression of RUNX1 has tumor-promoting effects.,Reverse engineering of TLX oncogenic transcriptional networks identifies RUNX1 as tumor suppressor in T-ALL
sf870_195689316,silent,silent,Obesity decreases life quality.,Body-mass index and cause-specific mortality in 900 000 adults: collaborative analyses of 57 prospective studies.
sf873_1180972,refute,silent,Obesity is determined solely by environmental factors.,Genetics of obesity in adult adoptees and their biological siblings.
sf873_19307912,refute,silent,Obesity is determined solely by environmental factors.,Familial obesity and leanness.
sf873_27393799,refute,silent,Obesity is determined solely by environmental factors.,The body-mass index of twins who have been reared apart.
sf873_29025270,refute,silent,Obesity is determined solely by environmental factors.,An adoption study of human obesity.
sf873_3315558,refute,silent,Obesity is determined solely by environmental factors.,Genetic analysis of human obesity in an Italian sample.
sf879_8426046,refute,support,Occupancy of ribosomes by IncRNAs do not make functional peptides.,Ribosome Profiling Provides Evidence that Large Noncoding RNAs Do Not Encode Proteins
sf880_8426046,support,support,Occupancy of ribosomes by IncRNAs mirror 5 0-UTRs,Ribosome Profiling Provides Evidence that Large Noncoding RNAs Do Not Encode Proteins
sf882_14803797,refute,refute,Omnivores produce less trimethylamine N-oxide from dietary I-carnitine than vegetarians.,"Intestinal microbiota metabolism of L-carnitine, a nutrient in red meat, promotes atherosclerosis"
sf887_18855191,silent,silent,Only a minority of cells survive development after differentiation into stress-resistant spores.,Exploitative and Hierarchical Antagonism in a Cooperative Bacterium
sf903_10648422,refute,support,PD-1 triggering on monocytes reduces IL-10 production by monocytes.,Programmed death-1–induced interleukin-10 production by monocytes impairs CD4+ T cell activation during HIV infection
sf904_7370282,support,refute,PDPN promotes efficient motility along stromal surfaces by activating the C-type lectin receptor to rearrange the actin cytoskeleton in dendritic cells.,Podoplanin-Rich Stromal Networks Induce Dendritic Cell Motility via Activation of the C-type Lectin Receptor CLEC-2
sf907_6923961,silent,support,PGE 2 promotes intestinal tumor growth by altering the expression of tumor suppressing and DNA repair genes.,Prostaglandin E2 promotes intestinal tumor growth via DNA methylation
sf911_11254556,support,refute,PKG-la plays an essential role in expression of pain hypersensitivity in PGK-la knockout mice.,Presynaptically Localized Cyclic GMP-Dependent Protein Kinase 1 Is a Key Determinant of Spinal Synaptic Potentiation and
sf913_3203590,silent,silent,PPAR-RXRs are inhibited by PPAR ligands.,Unique response pathways are established by allosteric interactions among nuclear hormone receptors
sf914_3203590,silent,silent,PPAR-RXRs can be activated by PPAR ligands.,Unique response pathways are established by allosteric interactions among nuclear hormone receptors
sf921_1642727,support,refute,Participating in six months of physical activity improves cognitive functioning.,Effect of physical activity on cognitive function in older adults at risk for Alzheimer disease: a randomized trial.
sf922_17077004,refute,support,Patients in stable partnerships have a faster progression from HIV to AIDS.,Stable partnership and progression to AIDS or death in HIV infected patients receiving highly active antiretroviral ther
sf936_5483793,support,support,Peroxynitrite is required for nitration of TCR/CD8.,Altered recognition of antigen is a mechanism of CD8+ T cell tolerance in cancer
sf956_12956194,silent,silent,Pleiotropic coupling of GLP-1R to intracellular effectors promotes distinct profiles of cellular signaling.,The Extracellular Surface of the GLP-1 Receptor Is a Molecular Trigger for Biased Agonism
sf957_123859,support,support,Podocytes are motile and migrate in the presence of injury.,Tracking the fate of glomerular epithelial cells in vivo using serial multiphoton imaging in novel mouse models with flu
sf960_8780599,support,refute,Polymeal nutrition reduces cardiovascular mortality.,"The Polymeal: a more natural, safer, and probably tastier (than the Polypill) strategy to reduce cardiovascular disease "
sf967_2119889,silent,support,Pretreatment with the Arp2/3 inhibitor CK-666 affects lamelliopodia formation.,Characterization of two classes of small molecule inhibitors of Arp2/3 complex
sf967_8997410,support,silent,Pretreatment with the Arp2/3 inhibitor CK-666 affects lamelliopodia formation.,"Arp2/3 complex inhibition radically alters lamellipodial actin architecture, suspended cell shape, and the cell spreadin"
sf971_46695481,support,refute,Primary cervical cancer screening with HPV detection has higher longitudinal sensitivity than conventional cytology to detect cervical intraepithelial neoplasia grade 2.,Human papillomavirus and Papanicolaou tests to screen for cervical cancer.
sf971_27873158,support,support,Primary cervical cancer screening with HPV detection has higher longitudinal sensitivity than conventional cytology to detect cervical intraepithelial neoplasia grade 2.,Efficacy of human papillomavirus testing for the detection of invasive cervical cancers and cervical intraepithelial neo
sf971_28617573,support,support,Primary cervical cancer screening with HPV detection has higher longitudinal sensitivity than conventional cytology to detect cervical intraepithelial neoplasia grade 2.,Evidence regarding human papillomavirus testing in secondary prevention of cervical cancer.
sf971_9764256,support,refute,Primary cervical cancer screening with HPV detection has higher longitudinal sensitivity than conventional cytology to detect cervical intraepithelial neoplasia grade 2.,Human papillomavirus testing for the detection of high-grade cervical intraepithelial neoplasia and cancer: final result
sf975_5304891,silent,silent,Primary pro-inflammatory cytokines induce secondary pro- and anti-inflammatory mediators.,Inter-individual variability and genetic influences on cytokine responses to bacteria and fungi
sf982_2988714,support,support,Proteins synthesized at the growth cone are ubiquitinated at a higher rate than proteins from the cell body.,Coupled local translation and degradation regulate growth cone collapse
sf985_6828370,support,support,Pseudogene PTENP1 regulates the expression of PTEN by functioning as an miRNA decoy.,A coding-independent function of gene and pseudogene mRNAs regulates tumour biology
sf993_16472469,refute,refute,Pyridostatin destabilizes the G - quadruplex in the telomeric region.,Targeting BRCA1 and BRCA2 Deficiencies with G-Quadruplex-Interacting Compounds
sf1012_9745001,support,refute,Radioiodine treatment of non-toxic multinodular goitre reduces thyroid volume.,Radioiodine treatment of multinodular non-toxic goitre.
sf1014_6277638,silent,support,Rapamycin decreases the concentration of triacylglycerols in fruit flies.,Mechanisms of Life Span Extension by Rapamycin in the Fruit Fly Drosophila melanogaster
sf1019_11603066,support,support,Rapid phosphotransfer rates govern fidelity in two component systems,Using Structural Information to Change the Phosphotransfer Specificity of a Two-Component Chemotaxis Signalling Complex
sf1020_9433958,support,support,Rapid up-regulation and higher basal expression of interferon-induced genes increase survival of granule cell neurons that are infected by West Nile virus.,Differential innate immune response programs in neuronal subtypes determine susceptibility to infection in the brain by 
sf1021_9433958,refute,support,Rapid up-regulation and higher basal expression of interferon-induced genes reduce survival of granule cell neurons that are infected by West Nile virus.,Differential innate immune response programs in neuronal subtypes determine susceptibility to infection in the brain by 
sf1024_5373138,support,support,Recurrent mutations occur frequently within CTCF anchor sites adjacent to oncogenes.,3D Chromosome Regulatory Landscape of Human Pluripotent Cells.
sf1029_13923140,refute,refute,Reduced responsiveness to interleukin-2 in regulatory T cells is associated with greater resistance to autoimmune diseases such as Type 1 Diabetes.,Interleukin-2 gene variation impairs regulatory T cell function and causes autoimmunity
sf1029_13940200,refute,support,Reduced responsiveness to interleukin-2 in regulatory T cells is associated with greater resistance to autoimmune diseases such as Type 1 Diabetes.,Large-scale genetic fine mapping and genotype-phenotype associations implicate polymorphism in the IL2RA region in type 
sf1029_11899391,refute,refute,Reduced responsiveness to interleukin-2 in regulatory T cells is associated with greater resistance to autoimmune diseases such as Type 1 Diabetes.,Type 1 diabetes-associated IL2RA variation lowers IL-2 signaling and contributes to diminished CD4+CD25+ regulatory T ce
sf1041_25254425,refute,support,Replacement of histone H2A with H2A.Z slows gene activation in yeasts by stabilizing +1 nucleosomes.,Nucleosome stability mediated by histone variants H3.3 and H2A.Z.
sf1041_16626264,silent,support,Replacement of histone H2A with H2A.Z slows gene activation in yeasts by stabilizing +1 nucleosomes.,"Genome-Wide Dynamics of Htz1, a Histone H2A Variant that Poises Repressed/Basal Promoters for Activation through Histone"
sf1049_12486491,refute,silent,Ribosomopathies have a low degree of cell and tissue specific pathology.,Ribosome-Mediated Specificity in Hox mRNA Translation and Vertebrate Tissue Patterning
sf1062_20381484,support,support,S-nitrosylated GAPDH physiologically transnitrosylates histone deacetylases.,GAPDH Mediates Nitrosylation of Nuclear Proteins
sf1086_39281140,support,support,Sildenafil improves erectile function in men who experience sexual dysfunction as a result of the use of SSRI antidepressants.,Treatment of antidepressant-associated sexual dysfunction with sildenafil: a randomized controlled trial.
sf1088_37549932,refute,silent,Silencing of Bcl2 is important for the maintenance and progression of tumors.,Antiapoptotic BCL-2 is required for maintenance of a model leukemia.
sf1089_17628888,support,support,Smc5/6 engagment drives the activation of SUMO E3 ligase Mms21 by ATP-dependent remolding.,ATPase-Dependent Control of the Mms21 SUMO Ligase during DNA Repair
sf1099_7662206,silent,refute,Statins decrease blood cholesterol.,A Century of Cholesterol and Coronaries: From Plaques to Genes to Statins
sf1100_7662206,silent,refute,Statins increase blood cholesterol.,A Century of Cholesterol and Coronaries: From Plaques to Genes to Statins
sf1104_3898784,support,support,Stroke patients with prior use of direct oral anticoagulants have a lower risk of in-hospital mortality than stroke patients with prior use of warfarin.,Association of Intracerebral Hemorrhage Among Patients Taking Non–Vitamin K Antagonist vs Vitamin K Antagonist Oral Anti
sf1107_20532591,support,silent,Subcutaneous fat depots undergo extensive browning processes after cold exposure.,"Tracking adipogenesis during white adipose tissue development, expansion and regeneration"
sf1110_13770184,refute,silent,Suboptimal nutrition is not predictive of chronic disease,"Global, regional, and national comparative risk assessment of 79 behavioural, environmental and occupational, and metabo"
sf1121_4456756,support,support,Synaptic activity enhances local release of brain derived neurotrophic factor from postsynaptic dendrites.,Autocrine BDNF–TrkB signalling within a single dendritic spine
sf1130_17997584,refute,support,T regulatory cells (tTregs) lacking αvβ8 are more adept at suppressing pathogenic T-cell responses during active inflammation.,Integrin αvβ8-Mediated TGF-β Activation by Effector Regulatory T Cells Is Essential for Suppression of T-Cell-Mediated I
sf1132_33499189,support,support,TCR/CD3 microdomains are a required to induce the immunologic synapse to activate T cells.,Full activation of the T cell receptor requires both clustering and conformational changes at CD3.
sf1132_9283422,silent,silent,TCR/CD3 microdomains are a required to induce the immunologic synapse to activate T cells.,T cell receptor-proximal signals are sustained in peripheral microclusters and terminated in the central supramolecular 
sf1137_33370,refute,refute,TNFAIP3 is a tumor suppressor in glioblastoma.,Targeting A20 Decreases Glioma Stem Cell Survival and Tumor Growth
sf1140_12009265,refute,refute,Taking 400mg of α-tocopheryl acetate helps to prevent prostate cancer.,Vitamins E and C in the prevention of prostate and total cancer in men: the Physicians' Health Study II randomized contr
sf1144_10071552,refute,refute,Taxation of sugar-sweetened beverages had no effect on the incidence rate of type II diabetes in India.,Averting Obesity and Type 2 Diabetes in India through Sugar-Sweetened Beverage Taxation: An Economic-Epidemiologic Model
sf1146_13906581,support,support,Teaching hospitals do not provide better care than non-teaching hospitals.,Patient Outcomes with Teaching Versus Nonteaching Healthcare: A Systematic Review
sf1150_11369420,support,support,Tetraspanin-3 is a causative factor in the development of acute myelogenous leukemia,Tetraspanin 3 Is Required for the Development and Propagation of Acute Myelogenous Leukemia.
sf1163_15305881,support,silent,The DdrB protein from Deinococcus radiodurans is an alternative SSB.,The structure of DdrB from Deinococcus: a new fold for single-stranded DNA binding proteins
sf1175_31272411,silent,silent,The PPR MDA5 has two N-terminal CARD domains.,Immune signaling by RIG-I-like receptors.
sf1179_31272411,silent,silent,The PRR MDA5 has a central DExD/H RNA helices domain.,Immune signaling by RIG-I-like receptors.
sf1180_31272411,support,silent,The PRR MDA5 is a sensor of RNA virus infection.,Immune signaling by RIG-I-like receptors.
sf1185_16737210,support,refute,The US health care system can save up to $750 million if 7% of patients waiting for kidney transplants participate in the optimized national kidney paired donation program.,Kidney paired donation and optimizing the use of live donor organs.
sf1187_52873726,support,support,The YAP1 and TEAD complex tanslocates into the nucleus where it interacts with transcription factors and DNA-binding proteins that modulate target gene transcription.,Regulation of Hippo pathway transcription factor TEAD by p38 MAPK-induced cytoplasmic translocation
sf1191_30655442,silent,silent,The amount of publicly available DNA data doubles every 10 years.,The EMBL nucleotide sequence database.
sf1194_11419230,silent,support,The arm density of TatAd complexes is due to structural rearrangements within Class1 TatAd complexes such as the 'charge zipper mechanism'.,Folding and Self-Assembly of the TatA Translocation Pore Based on a Charge Zipper Mechanism
sf1196_25649714,silent,silent,The availability of safe places to study is effective at decreasing homelessness.,Mental health problems of homeless children and families: longitudinal study.
sf1197_25649714,silent,silent,The availability of safe places to study is not effective at decreasing homelessness.,Mental health problems of homeless children and families: longitudinal study.
sf1199_16760369,silent,silent,The benefits of colchicine were achieved with effective widespread use of secondary prevention strategies such as high-dose statins.,Comparative determinants of 4-year cardiovascular event rates in stable outpatients at risk of or with atherothrombosis.
sf1200_3441524,silent,silent,The binding orientation of the ML-SA1 activator at hTRPML2 is different from the binding orientation of the ML-SA1 activator at hTRPML1.,Human TRPML1 channel structures in open and closed conformations
sf1202_3475317,support,support,The center of the granuloma in an immune cell induces a pro-inflammatory immune response.,Inflammatory signaling in human Tuberculosis granulomas is spatially organized
sf1204_31141365,silent,support,The combination of H3K4me3 and H3K79me2 is found in quiescent hair follicle stem cells.,Genome-wide maps of histone modifications unwind in vivo chromatin states of the hair follicle lineage.
sf1207_18909530,silent,silent,The composition of myosin-II isoform switches from the polarizable B isoform to the more homogenous A isoform during hematopoietic differentiation.,Contractile forces sustain and polarize hematopoiesis from stem and progenitor cells.
sf1213_14407673,silent,silent,The deregulated and prolonged activation of monocytes has deleterious effects in inflammatory diseases.,Myeloid-specific Krüppel-like factor 2 inactivation increases macrophage and neutrophil adhesion and promotes atheroscle
sf1216_24142891,support,refute,The extracellular domain of TMEM27 is cleaved in human beta cells.,Tmem27: a cleaved and shed plasma membrane protein that stimulates pancreatic beta cell proliferation.
sf1221_19736671,refute,silent,The genomic aberrations found in matasteses are very similar to those found in the primary tumor.,Evolution of metastasis revealed by mutational landscapes of chemically induced skin cancers
sf1225_9650982,support,silent,The locus rs647161 is associated with colorectal carcinoma.,Genome-wide association analyses in East Asians identify new susceptibility loci for colorectal cancer
sf1226_13777138,silent,silent,"The loss of the TET protein functions may have dire biological consequences, such as myeloid cancers.",Tet1 and Tet2 regulate 5-hydroxymethylcytosine production and cell lineage specification in mouse embryonic stem cells.
sf1232_13905670,refute,refute,The minor G allele of FOXO3 is related to more severe symptoms of Crohn's Disease.,Human SNP Links Differential Outcomes in Inflammatory and Infectious Disease to a FOXO3-Regulated Pathway
sf1241_4427392,support,silent,The myocardial lineage develops from cardiac progenitors of mesodermal origin.,Human cardiovascular progenitor cells develop from a KDR+ embryonic-stem-cell-derived population
sf1245_7662395,silent,silent,The one-child policy has been successful in lowering population growth.,Perinatal mortality in rural China: retrospective cohort study.
sf1245_7662395,silent,silent,The one-child policy has been successful in lowering population growth.,Perinatal mortality in rural China: retrospective cohort study.
sf1259_24341590,support,refute,The relationship between a breast cancer patient's capacity to metabolize tamoxifen and treatment outcome is dependent on the patient's genetic make-up.,Association between CYP2D6 polymorphisms and outcomes among women with early stage breast cancer treated with tamoxifen.
sf1262_44172171,support,silent,The repair of Cas9-induced double strand breaks in human DNA is error-prone.,Kinetics and Fidelity of the Repair of Cas9-Induced Double-Strand DNA Breaks
sf1266_37480103,support,support,"The risk of breast cancer among parous women increases with placental weight of pregnancies, and this association is strongest for premenopausal breast cancer.",Pregnancy characteristics and maternal risk of breast cancer.
sf1270_13900610,refute,support,The risk of male prisoners harming themselves is ten times that of female prisoners.,"Self-harm in prisons in England and Wales: an epidemiological study of prevalence, risk factors, clustering, and subsequ"
sf1271_13768432,support,support,The severity of cardiac involvement in amyloidosis can be described by the degree of transmurality of late gadolinium enhancement in MRI.,Prognostic Value of Late Gadolinium Enhancement Cardiovascular Magnetic Resonance in Cardiac Amyloidosis
sf1272_17081238,silent,silent,The single flash-evoked ERG b-wave is generated by activity of ON-bipolar cells.,Specific deficit of the ON response in visual transmission by targeted disruption of the mGIuR6 gene
sf1273_11041152,support,silent,The sliding activity of kinesin-8 protein Kip3 promotes bipolar spindle assembly.,Microtubule sliding activity of a kinesin-8 promotes spindle assembly and spindle length control
sf1274_12428814,silent,support,The tip of the inner tube of the toxic type VI secretion system (T6SS) antibacterial effector in Escherichia coli (E. coli) carries toxic effector proteins.,Haemolysin coregulated protein is an exported receptor and chaperone of type VI secretion substrates.
sf1274_27731651,silent,silent,The tip of the inner tube of the toxic type VI secretion system (T6SS) antibacterial effector in Escherichia coli (E. coli) carries toxic effector proteins.,A view to a kill: the bacterial type VI secretion system.
sf1274_4406819,support,support,The tip of the inner tube of the toxic type VI secretion system (T6SS) antibacterial effector in Escherichia coli (E. coli) carries toxic effector proteins.,PAAR-repeat proteins sharpen and diversify the Type VI secretion system spike
sf1278_11335781,silent,silent,The treatment of cancer patients with co-IR blockade does not cause any adverse autoimmune events.,Is autoimmunity the Achilles' heel of cancer immunotherapy?
sf1279_11335781,silent,silent,The treatment of cancer patients with co-IR blockade precipitates adverse autoimmune events.,Is autoimmunity the Achilles' heel of cancer immunotherapy?
sf1280_4387784,silent,silent,"The ureABIEFGH gene cluster encodes urease maturation proteins : UreD/UreH, UreE, UreF, and UreG.",Structure of the proton-gated urea channel from the gastric pathogen Helicobacter pylori
sf1281_4387784,silent,silent,The ureABIEFGH gene cluster is induced by nickel (II) ion.,Structure of the proton-gated urea channel from the gastric pathogen Helicobacter pylori
sf1282_23649163,silent,silent,Therapeutic use of the drug Dapsone to treat pyoderma gangrenous is based on anecdotal evidence.,Clinical features and treatment of peristomal pyoderma gangrenosum.
sf1290_4687948,support,refute,There is an inverse relationship between hip fractures and statin use.,HMG-CoA reductase inhibitors and the risk of hip fractures in elderly patients.
sf1292_56893404,silent,support,There is no association between HNF4A mutations and diabetes risks.,Macrosomia and Hyperinsulinaemic Hypoglycaemia in Patients with Heterozygous Mutations in the HNF4A Gene
sf1298_11718220,support,refute,Thigh-length graduated compression stockings (GCS) did not reduce deep vein thrombosis in patients admitted to hospital who are immobile because of acute stroke.,Effectiveness of thigh-length graduated compression stockings to reduce the risk of deep vein thrombosis after stroke (C
sf1303_12631697,refute,refute,Tirasemtiv has no effect on fast-twitch muscle.,Activation of fast skeletal muscle troponin as a potential therapeutic approach for treating neuromuscular diseases
sf1316_27910499,silent,silent,Transferred UCB T cells acquire a memory-like phenotype in recipients.,Quantitative assessment of T-cell repertoire recovery after hematopoietic stem cell transplantation
sf1319_16284655,support,support,Transplanted human glial cells can differentiate within the host animal.,Forebrain engraftment by human glial progenitor cells enhances synaptic plasticity and learning in adult mice.
sf1320_16284655,refute,support,Transplanted human glial progenitor cells are incapable of forming a neural network with host animals' neurons.,Forebrain engraftment by human glial progenitor cells enhances synaptic plasticity and learning in adult mice.
sf1332_5304891,silent,silent,Tumor necrosis factor alpha (TNF-α) and interleukin-1 (IL-1) are pro-inflammatory cytokines that inhibit IL-6 and IL-10.,Inter-individual variability and genetic influences on cytokine responses to bacteria and fungi
sf1335_27910499,support,support,UCB T cells maintain high TCR diversity after transplantation.,Quantitative assessment of T-cell repertoire recovery after hematopoietic stem cell transplantation
sf1336_27910499,refute,support,UCB T cells reduce TCR diversity after transplantation.,Quantitative assessment of T-cell repertoire recovery after hematopoietic stem cell transplantation
sf1337_20231138,support,support,Ubiquitin ligase UBC13 generates a K63-linked polyubiquitin moiety at PCNA K164.,Replication Fork Slowing and Reversal upon DNA Damage Require PCNA Polyubiquitination and ZRANB3 DNA Translocase Activit
sf1339_15482274,refute,refute,Ultrasound guidance significantly raises the number of traumatic procedures when attempting needle insertion.,Ultrasound imaging for lumbar punctures and epidural catheterisations: systematic review and meta-analysis.
sf1344_9559146,silent,silent,Up-regulation of the p53 pathway and related molecular events casues cancer resistance and results in a significantly shortened lifespan marked by senescent cells and accelerated organismal aging.,"Senescent Cells, Tumor Suppression, and Organismal Aging: Good Citizens, Bad Neighbors"
sf1352_12885341,support,support,Upregulation of mosGCTL-1 is induced upon infection with West Nile virus.,A C-Type Lectin Collaborates with a CD45 Phosphatase Homolog to Facilitate West Nile Virus Infection of Mosquitoes
sf1359_11614737,refute,support,Varenicline monotherapy is more effective after 12 weeks of treatment compared to combination nicotine replacement therapies with varenicline or bupropion.,Combination varenicline and bupropion SR for tobacco-dependence treatment in cigarette smokers: a randomized trial.
sf1362_8290953,silent,silent,Venules have a larger lumen diameter than arterioles.,Scaffold-based three-dimensional human fibroblast culture provides a structural matrix that supports angiogenesis in inf
sf1363_8290953,silent,silent,Venules have a thinner or absent smooth layer compared to arterioles.,Scaffold-based three-dimensional human fibroblast culture provides a structural matrix that supports angiogenesis in inf
sf1368_2425364,support,silent,Vitamin D deficiency effects the term of delivery.,Association between maternal serum 25-hydroxyvitamin D level and pregnancy and neonatal outcomes: systematic review and 
sf1370_2425364,refute,silent,Vitamin D deficiency is unrelated to birth weight.,Association between maternal serum 25-hydroxyvitamin D level and pregnancy and neonatal outcomes: systematic review and 
sf1379_16322674,support,support,Women with a higher birth weight are more likely to develop breast cancer later in life.,Birth Size and Breast Cancer Risk: Re-analysis of Individual Participant Data from 32 Studies
sf1379_27123743,support,support,Women with a higher birth weight are more likely to develop breast cancer later in life.,Role of birthweight in the etiology of breast cancer.
sf1379_23557241,support,refute,Women with a higher birth weight are more likely to develop breast cancer later in life.,Intrauterine factors and risk of breast cancer: a systematic review and meta-analysis of current evidence.
sf1379_17450673,support,support,Women with a higher birth weight are more likely to develop breast cancer later in life.,Intrauterine environments and breast cancer risk: meta-analysis and systematic review
sf1382_17755060,refute,silent,aPKCz causes tumour enhancement by affecting glutamine metabolism.,Control of Nutrient Stress-Induced Metabolic Reprogramming by PKCζ in Tumorigenesis
sf1385_306006,support,refute,cSMAC formation enhances weak ligand signalling.,The stimulatory potency of T cell antigens is influenced by the formation of the immunological synapse.
sf1389_23895668,support,silent,mTORC2 regulates intracellular cysteine levels through xCT inhibition.,mTORC2 Regulates Amino Acid Metabolism in Cancer by Phosphorylation of the Cystine-Glutamate Antiporter xCT.
sf1395_17717391,silent,silent,p16INK4A accumulation is  linked to an abnormal wound response caused by the microinvasive step of advanced Oral Potentially Malignant Lesions (OPMLs).,Monitoring Tumorigenesis and Senescence In Vivo with a p16INK4a-Luciferase Model
